Title,Name,Date
בן 16 שרכב על אופניים חשמליים נדרס למוות,מתן צורי,"(13:02 , 02.09.18 )"
גבר ואישה נספו בשריפה בחנות ביפו,איתי בלומנטל ואלי סניור,"(11:52 , 02.09.18 )"
"מועמדים, מה יש לכם לומר?",מערכת mynet,"(11:12 , 02.09.18 )"
"תיעוד: פורצים למסעדה במרכז ת""א - וגונבים קופות",אלי סניור,"(10:49 , 02.09.18 )"
"""תפנימו - רכב ואלכוהול שווה נשק"": הורי אילון",איתי בלומנטל,"(08:24 , 02.09.18 )"
מתמודדת יחידה מול ראש העיר: האם הבחירות בבית שמש,יעל פרידסון,"(20:31 , 01.09.18 )"
"לנה דל ריי ביטלה את ההופעה בישראל, קרי חושף",ynet,"(19:35 , 01.09.18 )"
יצאה לצפות בזריחה ונפלה ממצוק ליד מצפה רמון,אילנה קוריאל,"(17:22 , 01.09.18 )"
"הפיליפינים בישראל מחכים לדוטרטה: ""לא יכולים",ענבר טויזר,"(15:36 , 31.08.18 )"
רוכב אופנוע נהרג ליד ירושלים כשהתהפך על הכביש,אלישע בן קימון,"(14:52 , 31.08.18 )"
"בדרום ת""א שרפו תמונות של דרעי: ""הסתה לרצח""",אמיר אלון,"(01:39 , 31.08.18 )"
"""אביו של ידידיה שאל אותי איך אפשר לעזור. עניתי",איתי שיקמן,"(01:35 , 31.08.18 )"
"זעם לקראת השביתה בתחבורה הציבורית: ""כמו רעם ביום",ענבר טויזר ורועי רובינשטיין,"(01:33 , 31.08.18 )"
"תושבי השכונה שבה נהרג נכה צה""ל: ""הכביש - כמו",איתי שיקמן,"(18:57 , 30.08.18 )"
"גאים להתמודד: חברי קהילת הלהט""ב בבחירות המקומיות",אמיר אלון ,"(15:19 , 30.08.18 )"
ביום הראשון ללימודים: שביתה חלקית בתחבורה,רועי רובינשטיין,"(14:32 , 30.08.18 )"
אינדיאנה ג'ונס מהגליל: ילד מצא פסלון פריון נדיר,יעל פרידסון,"(08:51 , 30.08.18 )"
"עץ נפל על איילת - שנותרה משותקת: ""עזרו לנו""",איתי שיקמן ,"(20:58 , 29.08.18 )"
"בת שלוש טבעה בבריכה בביתה שבגלבוע, מצבה אנוש","אחיה ראב""ד","(16:23 , 29.08.18 )"
סנדביץ' עם חיוך: מנציחים את החלל מצוק איתן,יעל פרידסון ,"(16:19 , 29.08.18 )"
"""מכאן לא יזרקו אותנו"": נחנכה בריכה ראשונה ברהט",אילנה קוריאל,"(16:02 , 29.08.18 )"
"המשטרה: ""מצלמות המהירות אמינות"". הפרקליטות:",ynet,"(15:48 , 29.08.18 )"
"ההרוג בצפון ת""א: נכה צה""ל שייצג את ישראל בכדורסל",איתי שיקמן,"(14:07 , 29.08.18 )"
"ראש העיר, תקשיב טוב | משאל הבחירות הגדול",ynet,"(11:05 , 29.08.18 )"
"עסקה עם ""לקוח מהותי מחו""ל"": יצרנית המל""טים ו-10",גלעד מורג,"(10:25 , 29.08.18 )"
"חצה על כיסא גלגלים בצפון ת""א - ונהרג מפגיעת ג'יפ",רועי רובינשטיין,"(09:04 , 29.08.18 )"
"אחרי הרצח הכפול: טרגדיה שלישית ב""בית יעל""",רענן בן צור ,"(08:54 , 29.08.18 )"
"מהפכת ראש השב""כ: ""אי אפשר לפתור כלום עם גרזן""",אמירה לם,"(06:39 , 29.08.18 )"
"אחרי שהשביתו את איילון: נכים חסמו כבישים בנתב""ג",אמיר אלון ,"(00:22 , 29.08.18 )"
הפגנת הנכים: מחלף השלום בתל אביב נחסם לכמה שעות,אמיר אלון,"(18:14 , 28.08.18 )"
תאונת עבודה שנייה היום: נהג נהרג בעת סידור מכולה,רועי רובינשטיין,"(17:14 , 28.08.18 )"
ישראלים בתאילנד נעקצו על ידי המדוזה הארסית בעולם,איתמר אייכנר,"(15:49 , 28.08.18 )"
"הרוג ופצוע אנוש בתאונות ימיות בחיפה ובת""א","אחיה ראב""ד ואיתי שיקמן","(14:08 , 28.08.18 )"
חולות אנוש מעזה עם קרבה לחמאס יטופלו בישראל:,ענבר טויזר,"(00:28 , 28.08.18 )"
"הליך פיטורים למאבטח בנתב""ג שריסס גז פלפל לעבר",רועי רובינשטיין,"(21:01 , 27.08.18 )"
"טייס איתר מהאוויר קשיש שנעדר: ""רגע מרגש""","אחיה ראב""ד","(20:37 , 27.08.18 )"
"גילוי מצבה לנער שנדרס למוות: ""הנהג רכש בקבוקי",רועי רובינשטיין,"(17:21 , 27.08.18 )"
ילד בן 7 נפל מאופניו בבנימין ונחבל קשות,ישי פורת ,"(16:17 , 27.08.18 )"
כך תנהל קמפיין פוליטי: הספר למועמד וליועץ,ענבר טויזר,"(20:50 , 26.08.18 )"
"הרב הראשי נגד חולדאי: ""אכל כלב - ולבו נהיה",יעל פרידסון,"(17:52 , 26.08.18 )"
האמנה שתחייב לפעול לשוויון מגדרי ברשויות,אמיר אלון,"(17:28 , 26.08.18 )"
"מורה נהרג בכביש 90, נער נפצע קשה בטבריה","אחיה ראב""ד","(17:18 , 26.08.18 )"
אחרי העפיפונים והמרגמות: משקמים את כרם שלום,מתן צורי,"(17:04 , 26.08.18 )"
"מודיעין עילית: בן 17 נדקר בישיבה, מצבו קשה",אלישע בן קימון,"(12:58 , 26.08.18 )"
מקייב לקריות: מאשה ודאשה עולות לכיתה א',איתמר אייכנר,"(06:49 , 26.08.18 )"
"""10 שעות כדי לעבור את הגבול"": תורי ענק בטאבה",רועי רובינשטיין,"(00:22 , 26.08.18 )"
"תאונות בצפון: הרוג בהתהפכות טרקטורון, 3 פצועים",ynet,"(20:54 , 25.08.18 )"
"טראמפ ממשיך להסתבך, מדליות לספורטאי ישראל: חדשות",ynet,"(19:21 , 25.08.18 )"
עימות בהתנחלות: רעולי פנים תקפו פעילי שמאל,ישי פורת ויואב זיתון,"(17:56 , 25.08.18 )"
"""נזכור אותך בכל צעד"": רצו לזכר האלופה שנהרגה",ליאור אל-חי,"(17:25 , 25.08.18 )"
הקורבן ה-55: גבר טבע למוות בנהר הירדן,גואל בנו,"(11:32 , 25.08.18 )"
רמת גן: קשישים ונכים עלולים להישאר בלי קווי,איתי שיקמן ,"(17:41 , 24.08.18 )"
"""מחדל נוראי"": צו עיכוב מהארץ הוצא נגד בת 10 ללא",אריאלה שטרנבך,"(22:09 , 23.08.18 )"
"רכבת מירושלים לתל אביב? רק עד לנתב""ג",רועי רובינשטיין ,"(18:48 , 23.08.18 )"
הקורבן ה-54: צעיר טבע למוות בסחנה,ישראל מושקוביץ,"(18:15 , 23.08.18 )"
"תקרת גבס קרסה בבית כנסת, לא היו נפגעים",ישי פורת ,"(17:32 , 23.08.18 )"
"כ-51 מיליארד שקל בשנה: ההוצאה בישראל על תרבות,",איתי שיקמן,"(13:05 , 23.08.18 )"
"סערת הגשר: ""כל קיצור בתהליך יפגע באיכות",אטילה שומפלבי,"(13:03 , 23.08.18 )"
הרוג ו-9 פצועים בתאונת דרכים ליד מעלה אדומים,אלישע בן קימון,"(10:39 , 23.08.18 )"
"הדורס של אילון שלו-אמסלם מואשם בהריגה: ""אני",גלעד מורג,"(10:06 , 23.08.18 )"
חשד: בן 70 מטירת כרמל הצית את שכנתו והתאבד,ליאור אל-חי,"(09:05 , 23.08.18 )"
"המטה החדש של ""המנוע של המתנחלים"": בשכונת שייח",איתמר אייכנר,"(07:35 , 23.08.18 )"
"""לא סביר שיעצרו את נתיבי איילון באמצע השבוע""",איתי שיקמן ומורן אזולאי,"(19:52 , 22.08.18 )"
למרות העכברת: יותר ישראלים הגיעו לאתרי המים,גלעד כרמלי,"(19:18 , 22.08.18 )"
"נפרדים מאורי אבנרי: ""היו לו חולשות וחוזקות - אבל",רועי רובינשטיין,"(17:49 , 22.08.18 )"
"חולדאי נגד כץ: ""לא ניתן להקים את הגשר מעל איילון",רועי רובינשטיין ומורן אזולאי,"(12:29 , 22.08.18 )"
"סטה, התנגש ונפצע: התאונה בכביש 4 תועדה ",רועי רובינשטיין ,"(12:23 , 22.08.18 )"
"בצל הטרור:  שכפ""צים הועברו לבית ספר בעוטף עזה",מתן צורי ,"(22:27 , 21.08.18 )"
"עיכובים בתחבורה הציבורית בחג הקורבן: ""מי יפצה על",ענבר טויזר ואיתי שיקמן,"(21:27 , 21.08.18 )"
למרות בהלת העכברת: גידול במספר המטיילים באתרי,"גלעד כרמלי ואחיה ראב""ד","(20:26 , 21.08.18 )"
מכרז של הרשות הפלסטינית לשיפוץ בצור באהר עורר,ישי פורת ,"(19:28 , 21.08.18 )"
"האישה שניצלה מטביעה הודות ליוחאי: ""קרה לי נס",מתן צורי,"(15:37 , 21.08.18 )"
"טיבי: ""כדי שלא יהיו שהידים, מישהו צריך לא לירות",אטילה שומפלבי,"(12:44 , 21.08.18 )"
קצין משטרה נתפס על חם עם שוטרת - וירה בנשקו,אלי סניור,"(12:02 , 21.08.18 )"
"ניצלה ממוות על ידי הצעיר שטבע: ""חשבתי שחרב",ynet,"(10:33 , 21.08.18 )"
"נהגים, היכונו: נתיבי איילון ייחסמו בסופי שבוע",רועי רובינשטיין,"(10:17 , 21.08.18 )"
הודו: ניסיון לפרוץ לחדרן של תרמילאיות מישראל,איתמר אייכנר,"(07:11 , 21.08.18 )"
"זייף מדבקת רכב של ""נתיבי ישראל"" - ותועד בזמן",רועי רובינשטיין,"(00:28 , 21.08.18 )"
"פרידה מהאופטימיסט הנצחי, אורי אבנרי",איתי אילנאי ואלעד זרט,"(00:27 , 21.08.18 )"
נער בן 13 נדרס למוות בירושלים,ישי פורת,"(00:16 , 21.08.18 )"
"הצעירה שיוחאי הציל מטביעה: ""הוא גיבור, דמות",ynet,"(20:32 , 20.08.18 )"
אחרי 5 חודשים: נמצאה גופתה של הנעדרת נורית טבע,"אחיה ראב""ד","(19:09 , 20.08.18 )"
תייר שהגיע לישראל לחתונה - טבע למוות,חסן שעלאן,"(18:45 , 20.08.18 )"
"הצעיר שהציל טובעת הובא למנוחות: ""הרצון להציל",רועי רובינשטיין,"(18:32 , 20.08.18 )"
ראש העירייה וההסעות מהחברה של קרוביו,גיא ליברמן,"(14:42 , 20.08.18 )"
"דרישה לעזרה מהממשלה בגלל העכברת: ""מפסיקים להגיע","אחיה ראב""ד","(14:25 , 20.08.18 )"
"1.5 מיליון מוסלמים בישראל: 60% זכאים לבגרות, רק",ענבר טויזר,"(14:00 , 20.08.18 )"
"בשיא מלחמת לבנון, בדירת מסתור בביירות. כשאבנרי",רועי רובינשטיין וירון דרוקמן,"(12:10 , 20.08.18 )"
"""אזרח מסוג נכחד בחברה הישראלית"": נפרדים מאורי",רועי רובינשטיין ואלכסנדרה לוקש,"(10:20 , 20.08.18 )"
המשטרה מחפשת אחר בן 14 מאילת שנעדר כשבועיים,ynet,"(10:19 , 20.08.18 )"
שם הסב שפגע מינית נמחק מתעודת הזהות של הנכדה,אמיר אלון,"(09:34 , 20.08.18 )"
ניסה לסייע לצעירה - ונסחף: יוחאי טבע למוות,מתן צורי,"(09:14 , 20.08.18 )"
"הלך לעולמו אורי אבנרי, מראשי השמאל בישראל",ynet,"(07:20 , 20.08.18 )"
לבקשת משרד ראש הממשלה: שיפוצים ברחוב בלפור,איתמר אייכנר,"(06:47 , 20.08.18 )"
"חופש, סמים ומעטה סודיות: טוהר דוד היא לא הקורבן",ענבר טויזר,"(00:15 , 20.08.18 )"
"השירותים הציבוריים החדשים בגבעתיים: ""פותרים את",איתי שיקמן ,"(20:05 , 19.08.18 )"
"עורך ""ידיעות אחרונות"" רון ירון פורש מתפקידו",ynet,"(19:59 , 19.08.18 )"
"חווה נדרסה למוות בשומרון: ""זה מיליון אחוז פיגוע""",רענן בן צור,"(18:28 , 19.08.18 )"
הקורבן ה-52 העונה: הציל צעירה שנקלעה למצוקה -,"מתן צורי, אטילה שומפלבי ואליאור לוי ","(18:09 , 19.08.18 )"
"""לינוי"", ""קלי"" ו-""קים"": הכינויים של המאמן",אלי סניור,"(15:45 , 19.08.18 )"
ניסיון חיסול בכיכר המדינה: ירי לעבר רכבו של בן,כתבי ynet,"(10:53 , 19.08.18 )"
"אסון תאונת הסנפלינג: ""אבא היה מתורגל ומיומן""",רענן בן צור ,"(23:21 , 18.08.18 )"
חדשות השבת: עיכוב בהפסקת האש עם חמאס; נחשף אקדח,ynet,"(19:27 , 18.08.18 )"
בגלל בהלת העכברת: צניחה במספר המטיילים בצפון,גלעד כרמלי ורותם אליזרע,"(17:42 , 18.08.18 )"
הסירה התהפכה: גבר ואישה חולצו לאחר שעה וחצי בלב,רענן בן צור,"(16:47 , 18.08.18 )"
בוקר קטלני בחופים: בן 23 ובן 50 טבעו למוות,רענן בן צור ואיתן גליקמן,"(09:19 , 18.08.18 )"
בן 79 נפל במהלך סנפלינג לבור בשומרון - ונהרג,אלישע בן קימון,"(09:20 , 17.08.18 )"
במערכת הביטחון מעריכים: הדריסה - תאונת דרכים,אלישע בן קימון,"(08:44 , 17.08.18 )"
חשד לפגע וברח: ישראלית נדרסה למוות סמוך לחוות,"יואב זיתון, אלישע בן קימון ואלי סניור","(00:27 , 17.08.18 )"
"אזכרה ללוחם שנהרג בפיגוע בהר אדר: ""עברה שנה -",איתי שיקמן,"(22:54 , 16.08.18 )"
הובאה למנוחות אלופת ישראל בריצת שדה שנהרגה,ליאור אל-חי,"(18:59 , 16.08.18 )"
"הורים תומכים במטפלות השובתות: ""נעשה הכול כדי",אמיר אלון,"(18:42 , 16.08.18 )"
"יועץ פוליטי הוקלט: כך ""הולכים חזק על שנאה ופחד""",שחר גינוסר וגיא ליברמן,"(17:18 , 16.08.18 )"
"""המדינה נכשלה באחריותה לדאוג לביטחונם של ערביי",אלכסנדרה לוקש,"(17:11 , 16.08.18 )"
בן 4 נפצע בינוני מנפילה במודיעין עילית. חשד:,אלישע בן קימון,"(16:47 , 16.08.18 )"
"חלום הדירה ממשיך להתרחק: ""המחירים לא שפויים; עלו",ענבר טויזר ,"(15:20 , 16.08.18 )"
"נפרדים מנועה: ""הייתה הכי טובה שיש, פרח שכולו",ליאור אל-חי,"(12:27 , 16.08.18 )"
מתחילת העונה: יותר טבעו למוות לעומת כל השנה,רותם אליזרע,"(07:58 , 16.08.18 )"
אלופת ישראל בריצת שדה נהרגה בתאונה בחיפה,ליאור אל-חי ואורן אהרוני,"(00:47 , 16.08.18 )"
"זעם במגזר הערבי בעקבות דו""ח המבקר: ""המשטרה",חסן שעלאן,"(00:33 , 16.08.18 )"
"צועדים לזכר קורבנות הזנות: ""מתחילים להפנים שמעגל",אמיר אלון,"(00:25 , 16.08.18 )"
תאונה קטלנית בחיפה: בת 20 נהרגה כשרכבה על,"אחיה ראב""ד ורועי רובינשטיין","(18:26 , 15.08.18 )"
תאונה חמורה: רחפן פגע במסוק ריסוס במרכז הארץ,ynet,"(16:34 , 15.08.18 )"
מחשש לקריסה: פונה בניין בן 10 קומות ברמת גן,ynet,"(16:30 , 15.08.18 )"
"1,236 קורבנות להפקרות: כך הוזנח הטיפול באלימות",ירון דרוקמן,"(16:00 , 15.08.18 )"
מאמן כדוריד מהרצליה חשוד בעבירות מין ב-140,גלעד מורג ואיתי שיקמן,"(15:27 , 15.08.18 )"
חמישה תלמידים אושפזו בחשד שנדבקו בעכברת בטיול,"רותם אליזרע ואחיה ראב""ד","(09:33 , 15.08.18 )"
"גבר נהרג מפגיעת משאית במושב ליד נתב""ג",רועי רובינשטיין וחסן שעלאן,"(08:27 , 15.08.18 )"
בתום חיפושים: נמצא הילד הלוקה באוטיזם שנעדר בתל,רועי רובינשטיין ואדיר ינקו,"(00:23 , 15.08.18 )"
סופית: אירוויזיון 2019 ייערך בישראל,מורן אזולאי ורן בוקר,"(16:19 , 14.08.18 )"
"המגמה נמשכת, אך מתמתנת: יותר ישראלים עוזבים מאשר",אמיר אלון,"(13:17 , 14.08.18 )"
"תאונת העבודה בראש העין: ""הפועלים נפלו עם",רועי רובינשטיין,"(20:17 , 13.08.18 )"
פועל בניין שלישי נהרג היום בתאונת עבודה,"רועי רובינשטיין ואחיה ראב""ד","(17:45 , 13.08.18 )"
נתניה: גבר כבן 50 טבע למוות בים,רענן בן צור ,"(13:47 , 13.08.18 )"
שני פועלים נהרגו בנפילה מגובה באתר בנייה בראש,רענן בן צור ורועי רובינשטיין,"(11:24 , 13.08.18 )"
מחאת הכבאים: כ-100 מפגינים שרפו צמיגים ,רועי רובינשטיין,"(08:34 , 13.08.18 )"
"חטיפת המטוס בסיאטל: ""בארץ הוא לא היה ממריא""",רועי רובינשטיין,"(00:24 , 13.08.18 )"
נקבע מותו של הפעוט שטבע בבריכת קיבוץ יגור,"אחיה ראב""ד","(17:37 , 12.08.18 )"
"תיעוד: נהג פגע בהולך רגל, פצע אותו קשה - וברח",אלי סניור ורועי רובינשטיין,"(17:02 , 12.08.18 )"
"דרוזים נגד הנפת דגלי פלסטין: ""זה היה מיותר""",רועי רובינשטיין,"(09:43 , 12.08.18 )"
"הרוגה בתאונה ליד אשדוד, 4 צעירים נפצעו בראשל""צ",מתן צורי ורועי רובינשטיין,"(08:08 , 12.08.18 )"
שבוע של שיבושים במרכז: עבודות הרכבת נמשכות,רועי רובינשטיין,"(00:38 , 12.08.18 )"
צעיר טבע למוות בחוף באשקלון,מתן צורי,"(22:37 , 11.08.18 )"
"9 שנים לרצח בברנוער: ""מתגייסים במדינה שמוחקת לנו",אמיר אלון ,"(20:17 , 11.08.18 )"
סיכום חדשות השבת: 3 הרוגים בהפגנות בעזה; ארדואן,ynet,"(20:05 , 11.08.18 )"
"לקראת עצרת הזיכרון לברנוער: ""מזכירים אותנו רק",אמיר אלון,"(14:21 , 11.08.18 )"
אסון בנגב: מטייל נהרג לעיני בנו ואשתו בנפילה,אילנה קוריאל,"(01:07 , 11.08.18 )"
פרארי יוקרתית עלתה באש בכביש 6,מתן צורי והלל פוסק,"(13:45 , 10.08.18 )"
נהג אוטובוס הלך לקניות - וחסם נתיב בכביש,רועי רובינשטיין,"(11:01 , 10.08.18 )"
צעירה נהרגה בתאונת דרכים בכביש 6,ynet,"(08:31 , 10.08.18 )"
מכה לתיירות בעוטף עזה: בוטל פסטיבל הכדורים,מתן צורי,"(11:47 , 09.08.18 )"
העיתונאי ופעיל השמאל אורי אבנרי מאושפז במצב קשה,רותם אליזרע,"(10:30 , 09.08.18 )"
"נהרג בתאונה לפני החתונה: ""אריאל היה יהלום""",אלישע בן קימון,"(09:55 , 09.08.18 )"
"פעוט טבע בבריכה של קיבוץ יגור, מצבו קשה מאוד","אחיה ראב""ד","(20:34 , 08.08.18 )"
בפעם השנייה בתוך פחות משנה: פועל נהרג באותו אתר,איתי בלומנטל ,"(18:55 , 08.08.18 )"
"בשל עבודות תשתית ברכבת: תחנת נתב""ג תיסגר מהלילה",רועי רובינשטיין ,"(18:02 , 08.08.18 )"
השפלה בחקירה: שוטר תועד יורק על צעירה,יעל פרידסון,"(07:31 , 08.08.18 )"
"הנכים הפגינו בנתב""ג וחסמו כבישים ויציאות רגליות",אמיר אלון,"(16:14 , 07.08.18 )"
אסף הראל יתמודד על ראשות עיריית תל אביב,איתי בלומנטל,"(15:10 , 07.08.18 )"
הבטחה בחנוכת הכביש החדש: 17 דקות מרעננה למרכז,רועי רובינשטיין,"(14:02 , 07.08.18 )"
"שבעה בבית הילדה שטבעה למוות: ""פיזרה רק אור",איתי שיקמן,"(13:30 , 07.08.18 )"
"חשש: מחאת הנכים תשבש אחה""צ את הפעילות בנתב""ג",אמיר אלון,"(12:57 , 07.08.18 )"
"תיעוד: הנוסע שנגח בדייל נעצר בנתב""ג",איתי בלומנטל,"(12:28 , 07.08.18 )"
כן הנסע נשבר: מטוס ססנה ביצע נחיתה קשה בהרצליה,איתי בלומנטל,"(12:08 , 07.08.18 )"
בעקבות תאונה בין שתי משאיות: נתיבים נחסמו בכביש,רענן בן צור,"(09:32 , 07.08.18 )"
"אחיה של אביטל שטבעה למוות בהלווייתה: ""את תישארי","רועי רובינשטיין ואחיה ראב""ד","(07:41 , 07.08.18 )"
"התחזית: ירידה קלה בטמפרטורות, הקלה בעומס החום",ynet,"(07:27 , 07.08.18 )"
"בת 5 ובן 7 מחפשים משפחה: ""הם לא רוצים להיפרד""",אמיר אלון ,"(00:14 , 07.08.18 )"
בפעם השנייה: נער בן 16 הביא למעצר חשוד בפדופיליה,רענן בן צור,"(21:13 , 06.08.18 )"
עשרות הפגינו נגד העברת מעונות לנוער בסיכון לחברה,אמיר אלון,"(19:26 , 06.08.18 )"
"הקלטתו של סא""ל עמנואל מורנו ז""ל נחשפת: ""בזכות",ענבר טויזר,"(19:02 , 06.08.18 )"
בת 5 טבעה  למוות בבריכה בצימר בצפון,"אחיה ראב""ד","(17:20 , 06.08.18 )"
"ראש העיר גבעתיים נגד שר הפנים: ""נראה אותו סוגר",איתי בלומנטל,"(17:12 , 06.08.18 )"
עימותים ומעצרים בהפגנת חרדים בבני ברק,איתי בלומנטל וקובי נחשוני,"(16:21 , 06.08.18 )"
"סובלים בגלל העיצומים בקריית הממשלה: ""תנו שירות",איתי שיקמן ,"(16:01 , 06.08.18 )"
תיעוד: אזרחים הצילו ילד שנפל ממכונית נוסעת,מתן צורי ואיתי שיקמן ,"(12:26 , 06.08.18 )"
הכבאים מחריפים את העיצומים לאחר שהפגינו בתל אביב,איתי בלומנטל,"(10:14 , 06.08.18 )"
ממחר: האחיות ישבתו ללא הגבלת זמן במחאה על גילויי,רותם אליזרע,"(08:41 , 06.08.18 )"
ליאל הקטנה תשתתף באליפות השחמט בתוניסיה,איתמר אייכנר,"(07:38 , 06.08.18 )"
השחקן יהודה לוי פצע אישה כשרכב על קורקינט,איתי בלומנטל,"(00:25 , 06.08.18 )"
בגלל העבודות בקו הרכבת לירושלים: שיבושים במרכז,רועי רובינשטיין,"(00:18 , 06.08.18 )"
תיעוד: נהג אוטובוס הותקף בגלל כוס קפה,רועי רובינשטיין,"(00:07 , 06.08.18 )"
"דרעי מנע מרשויות לפתוח עסקים בשבת: ""מנוחה",אמיר אלון,"(20:07 , 05.08.18 )"
"אמו של הנער שנדרס: ""במקום לסייע, הנהג קיבל",רועי רובינשטיין,"(11:10 , 05.08.18 )"
"גזענות, סטיגמות, קהילה: קומיקס על יהדות אתיופיה",איתי שיקמן,"(09:26 , 05.08.18 )"
"גאווה ישראלית: ""כנפיים של קרמבו"" - ""יועץ מיוחד""",איתמר אייכנר ,"(06:58 , 05.08.18 )"
"בנו נרצח בהר הבית: ""הבן שלי הפך לחלל סוג ב'""",רועי רובינשטיין,"(00:28 , 05.08.18 )"
"הצעירים הדרוזים הפסיקו לשתוק: ""לקחו את",רועי רובינשטיין ואיתי בלומנטל,"(00:21 , 05.08.18 )"
"דיסקין: ""הפודלים נשלחו לספר שקרים, זה ימין",איתי בלומנטל ורועי רובינשטיין,"(21:26 , 04.08.18 )"
"תא""ל במיל' עימאד פארס: ""לקבל את הצעת נתניהו""",ענבר טויזר ,"(21:15 , 04.08.18 )"
סערת הוואטסאפ המזויף והטור המיוחד של קורבין,ynet,"(20:03 , 04.08.18 )"
מסתובבים בלי הפסקה: תיעוד מרדף בכיכר בבאר שבע,רענן בן צור,"(18:18 , 04.08.18 )"
"""הורגים אתכם בסוריה"": לא הוכנסו לבריכה בקיבוץ",חסן שעלאן ורענן בן צור,"(16:04 , 04.08.18 )"
לקראת המחאה על חוק הלאום: רחובות בתל אביב ייחסמו,כתבי ynet,"(12:24 , 04.08.18 )"
"פסטיבל אושו אחרי החשיפה בנטפליקס: ""לא מרעילים פה",אסף קמר,"(09:36 , 04.08.18 )"
"הונגריה: ישראלי נהרג בתאונה, משפחתו נפצעה","איתמר אייכנר, חסן שעלאן ורענן בן צור","(21:32 , 03.08.18 )"
ארבעה נפצעו קשה בהתנגשות חזיתית בגוש עציון ,אלישע בן קימון ויעל פרידסון,"(14:00 , 03.08.18 )"
"דו""ח: ירידה דרמטית במספר הילדים שסובלים ממחסור",אמיר אלון ,"(08:54 , 03.08.18 )"
"""מדינת אפרטהייד"": נתניהו פוצץ הפגישה עם ראשי",כתבי ynet,"(20:13 , 02.08.18 )"
"כ-22 אלף השתתפו במצעד הגאווה בי-ם: ""אנחנו",כתבי ynet,"(16:17 , 02.08.18 )"
"הפעילים שמנסים לקדם סובלנות לקהילת הלהט""ב בבית",איתי שיקמן,"(12:16 , 02.08.18 )"
המועמד החדש של נתניהו לנציבות: פרופ' הרשקוביץ,איתמר אייכנר,"(11:15 , 02.08.18 )"
"ספר זיכרונות לאילון: ""ילד של החיים""",רועי רובינשטיין,"(08:33 , 02.08.18 )"
"המחאה הדרוזית נמשכת: ""חלון הזדמנויות לתקדים",חסן שעלאן ואיתמר אייכנר,"(03:11 , 02.08.18 )"
"תלונות בגין הסתה אחרי פרסום בערוץ 7: ""ערבים",איתי שיקמן ואמיר אלון,"(01:28 , 02.08.18 )"
"הנער קפץ, התנגש בחברו - ונהרג: ""אסון גדול,","מתן צורי ואחיה ראב""ד","(00:45 , 02.08.18 )"
"נער קפץ מגשר, פגע בראשו של חברו - ונהרג","אחיה ראב""ד","(21:17 , 01.08.18 )"
"רגב: ""כמה שתחפרו, לא תמצאו פה אף מטבע פלסטיני""",ישי פורת,"(20:33 , 01.08.18 )"
"כבאים אמריקנים נלחמים בטרור הבלונים: ""ידידות",מתן צורי ואיתמר אייכנר,"(19:32 , 01.08.18 )"
המשטרה נערכת בכוחות גדולים למצעד הגאווה מחר,אמיר אלון וישי פורת ,"(18:55 , 01.08.18 )"
"הדרוזים נערכים לעצרת: ""נפגין עם דגל ישראל ונשיר",כתבי ynet ,"(17:03 , 01.08.18 )"
"תשע שנים לטבח בברנוער: ""נמאס מהבטחות, אין חוק",אלכסנדרה לוקש,"(14:01 , 01.08.18 )"
מת הפעוט שטבע בדלי בירושלים,יעל פרידסון ורותם אליזרע,"(11:59 , 01.08.18 )"
סיירת האש של בארי: המתנדבים מעוטף עזה שנאבקים,מתן צורי,"(07:03 , 01.08.18 )"
"18 פצועים בתאונה בגליל העליון, אחת במצב קשה","אחיה ראב""ד","(06:58 , 01.08.18 )"
ביומו הראשון בתפקיד: הרצוג ביקר בשדרות,איתמר אייכנר,"(22:39 , 31.07.18 )"
"""הייתי בן 13, ניצלת אותי. אני חי את זה כל יום",אריאלה שטרנבך,"(22:33 , 31.07.18 )"
"הרב לוינשטיין קורא להפגין מול מצעד הגאווה: ""הם",קובי נחשוני ואמיר אלון,"(21:53 , 31.07.18 )"
"ת""א: בת שנתיים טבעה מתחת לגשר רדינג, מצבה בינוני",רועי רובינשטיין ורותם אליזרע,"(20:31 , 31.07.18 )"
"אופנוען נהרג בקרני שומרון, 7 בני משפחה נפצעו","אחיה ראב""ד ואלישע בן קימון","(19:03 , 31.07.18 )"
תיעוד: צמיג משאית התפוצץ בכביש 6 ופגע ברכב,איתי שיקמן ,"(18:47 , 31.07.18 )"
"המחאה הצליחה: לא יבוטל קו הרכבת כרמיאל-ת""א","אחיה ראב""ד","(15:44 , 31.07.18 )"
"מנכ""ל נמל חיפה מצטרף למרוץ לראשות העיר","אחיה ראב""ד","(12:25 , 31.07.18 )"
פיצוי מאוחר: ניצולי שואה יוצאי אלג’יריה קיבלו 12,איתמר אייכנר ,"(12:09 , 31.07.18 )"
בדרך לבנק: מעטפה עם 43 אלף שקל נפלה באוטובוס,רועי רובינשטיין ,"(20:41 , 30.07.18 )"
חבריו של אילון הדליקו נרות זיכרון בזירת התאונה:,רועי רובינשטיין,"(19:35 , 30.07.18 )"
"מאות ב""שיעור הערבית הגדול בעולם"": ""חוק הלאום -",אדיר ינקו,"(19:20 , 30.07.18 )"
"להט""בים דתיים תוקפים את מכתב הרבנים: ""רוח חשוכה,",אמיר אלון,"(17:11 , 30.07.18 )"
"מנכ""ל הביטוח הלאומי מזהיר: ""אם לא נקבל החלטות",אמיר אלון,"(14:30 , 30.07.18 )"
"הנהג חצה בירוק, השוטרת נתנה דו""ח על אור אדום.",אלי סניור,"(13:00 , 30.07.18 )"
"אלמנת מפקד הסיירת התארסה לקצין שקיבל צל""ש","יוסי יהושוע, ""ידיעות אחרונות""","(10:55 , 30.07.18 )"
נפילת הילדה בנתניה: טיפסה על ערימת הכביסה ואיבדה,רענן בן צור,"(10:17 , 30.07.18 )"
"הצתת המלונית: תושבים התריעו על כשלים, העירייה",יעל פרידסון וישי פורת,"(07:51 , 30.07.18 )"
נמצאו גופות הנעדרים בכנרת ובתל אביב,"אחיה ראב""ד ורועי רובינשטיין","(07:13 , 30.07.18 )"
המוסד לביטוח לאומי עלול לפשוט את הרגל מוקדם,אמיר אלון ,"(00:21 , 30.07.18 )"
בגלל הקו המהיר לירושלים: פחות רכבות בין תל אביב,רועי רובינשטיין ,"(00:15 , 30.07.18 )"
יבנאל: ילד בן 3 טבע למוות בבריכה בצימר,"אחיה ראב""ד","(00:12 , 30.07.18 )"
מכלי חומצה נפלו לכביש 70: עשרות תושבים פונו,"אחיה ראב""ד","(22:21 , 29.07.18 )"
לאחר 63 שנים: תימכר מעטפה ממטוס אל על שהופל,איתמר אייכנר,"(17:15 , 29.07.18 )"
"אמו של אילון שנדרס למוות בהלווייתו: ""מסרבת",רועי רובינשטיין,"(15:36 , 29.07.18 )"
שיבושים בתנועת הרכבות במרכז לאחר שאדם נהרג מרכבת,רועי רובינשטיין,"(14:40 , 29.07.18 )"
"הודעת הוואטסאפ דקות לפני התאונה: ""אילון, איפה",כתבי ynet,"(13:31 , 29.07.18 )"
"הלם ברחוב שבו נפלה ילדה אל מותה: ""טרגדיה, לבנו",רענן בן צור ,"(13:06 , 29.07.18 )"
חיפושים אחר צעיר מעראבה שנעדר בכנרת,"אחיה ראב""ד וחסן שעלאן","(11:58 , 29.07.18 )"
"בשיא עונת הנסיעות: תחנת הרכבת בנתב""ג תושבת למשך",רועי רובינשטיין,"(10:45 , 29.07.18 )"
אתר ראפטינג הציב משגיח: אין כניסה לנשים בלבוש,ענבר טויזר,"(10:21 , 29.07.18 )"
נתניה: בת 5 נפלה מגובה של תשע קומות - ונהרגה,רענן בן צור,"(08:01 , 29.07.18 )"
מלון לאונרדו קלאב תלה מחיצות בד לכבוד קבוצה,אילנה קוריאל,"(07:11 , 29.07.18 )"
"חשד: דרס למוות נער בת""א כשבדמו כמות אלכוהול",ynet,"(20:19 , 28.07.18 )"
"180 אנשי רוח נגד נתניהו: ""בטל את חוק הלאום ותקן",אמיר אלון,"(19:58 , 28.07.18 )"
אילון ביקש לא לנסוע לתאילנד - ונדרס למוות,רועי רובינשטיין,"(12:41 , 28.07.18 )"
"הוריו של הנער שנהרג בתאונה בת""א קיבלו הבשורה",רועי רובינשטיין,"(20:14 , 27.07.18 )"
רעידת אדמה בעוצמה של 3.7 הורגשה בכנרת ובסביבה,"אחיה ראב""ד ואור עזרן","(12:01 , 27.07.18 )"
הורים ושני ילדיהם נפגעו קשה בשריפה בי-ם,ישי פורת,"(03:01 , 27.07.18 )"
"בן 13 נהרג מפגיעת רכב בתל אביב, נער נוסף נפצע",אלי סניור ושחר חי,"(01:59 , 27.07.18 )"
תיעוד: נערות ניסו לרדת ממצוק בנתניה - וחולצו,רענן בן צור,"(18:10 , 26.07.18 )"
"ארבעה אוטובוסים במקום רכבת: ""זה בלתי נסבל,",רועי רובינשטיין,"(17:08 , 26.07.18 )"
"""הגיע הזמן שנוער ייצג נוער"": בן ה-17 שרוצה",רועי רובינשטיין ,"(21:30 , 25.07.18 )"
"חקלאי הנגב זועמים: ""משקים ימשיכו להיסגר""",אילנה קוריאל,"(20:32 , 25.07.18 )"
"ירי על חיילים, 3 הרוגים בתקיפות צה""ל בעזה",כתבי ynet,"(20:10 , 25.07.18 )"
48 מעלות: היום נשברו שיאי טמפרטורות - ובשבת,"אחיה ראב""ד ואסף קמר","(19:20 , 25.07.18 )"
"רפורמת ההכשרות של משרד הפנים והקשר לקרן רש""י",ענבר טויזר ,"(15:59 , 25.07.18 )"
"גל שריפות בארץ, נשבר שיא צריכת החשמל אי פעם",כתבי ynet,"(15:44 , 25.07.18 )"
"ט""ו באב: גיל הנישואים עולה ועמו אחוז הרווקים",ynet,"(14:10 , 25.07.18 )"
"שר האוצר הכריז על שנת בצורת בנגב, הפיצוי לחקלאים","אילנה קוריאל ואחיה ראב""ד","(12:04 , 25.07.18 )"
מחיפה עד ניצנים: בוקר של עיכובים ברכבת,רועי רובינשטיין,"(11:33 , 25.07.18 )"
האבן שנפלה מהכותל פונתה לבדיקות ארכיאולוגיות,יעל פרידסון,"(10:21 , 25.07.18 )"
בבית החולים גילו קנאביס בגוף התינוקת,יעל פרידסון וישי פורת,"(08:48 , 25.07.18 )"
שני פצועים אנוש בשריפה בבניין מגורים בירושלים,ישי פורת ורותם אליזרע,"(07:05 , 25.07.18 )"
ירושלים: פעוט במצב קשה לאחר שטבע בדלי,ישי פורת ורענן בן צור,"(19:55 , 24.07.18 )"
"שעה וחצי בלי רכבת: הנכים חסמו את קו ת""א-חיפה",אמיר אלון,"(13:04 , 24.07.18 )"
"רוכב אופנוע נהרג בצפון, בן 55 נהרג בכביש 1","אחיה ראב""ד וחסן שעלאן","(08:23 , 24.07.18 )"
"דו""ח המוות של אמיר פרישר גוטמן: המכון הפתולוגי",אלי סניור,"(06:40 , 24.07.18 )"
"לגו במקום בלוני תבערה: ילדי עוטף עזה בילו ב""לגו",אסף קמר,"(21:11 , 23.07.18 )"
"עו""ד בני נהרי נטמן: ""משפטן ענק, הלב הכי טוב","איתי בלומנטל, אלכסנדרה לוקש וניר (שוקו)","(20:26 , 23.07.18 )"
חיסול בעפולה: גבר נרצח בפיצוץ במכוניתו,"אחיה ראב""ד","(18:51 , 23.07.18 )"
"הנשיא בבית החייל שנהרג: ""הילד שלכם הגן על כולנו""",איתמר אייכנר,"(18:21 , 23.07.18 )"
לטובת הרכבת הקלה: נהרס מבנה בכפר שלם,איתי בלומנטל,"(17:12 , 23.07.18 )"
"נפילת האבן מהכותל: רטיבות או כשל הנדסי, רחבת",ענבר טויזר ויעל פרידסון,"(12:17 , 23.07.18 )"
תיעוד: אבן נפלה מהכותל המערבי ,קובי נחשוני וענבר טויזר,"(09:35 , 23.07.18 )"
"כ-80 אלף הפגינו בכיכר רבין במחאת הלהט""ב: ""מהפכה",איתי בלומנטל ואמיר אלון,"(00:29 , 23.07.18 )"
"""תורנו להגיד לנתניהו 'לא'"": כ-80 אלף בהפגנת",אמיר אלון ואיתי בלומנטל,"(20:07 , 22.07.18 )"
"מחאת הלהט""ב בתל אביב: ""לא נשתוק עוד!""",איתי בלומנטל ואמיר אלון,"(18:14 , 22.07.18 )"
"מחאת הלהט""ב: אלפים מפגינים בת""א; תיעוד: הצעדה",איתי בלומנטל ואמיר אלון,"(16:02 , 22.07.18 )"
"מחאת הלהט""בים: ""מי שחושב שזה נגמר היום לא מבין",כתבי ynet,"(14:12 , 22.07.18 )"
רעידת אדמה בעוצמה 3.4 הורגשה בכנרת,אור עזרן ואליסף קוסמן,"(09:48 , 22.07.18 )"
"מסעדות נפתחו ב-ט' באב: ""אל תכפו עלינו""",כתבי ynet,"(09:33 , 22.07.18 )"
"תשעה באב בת""א: ""צריך לסגור, כאן זה לא איראן""",איתי בלומנטל,"(00:47 , 22.07.18 )"
"""זה מאבק על המדינה שלנו"": שיא המחאה הגאה מגיע",אמיר אלון,"(00:10 , 22.07.18 )"
"""גבר דפק על חלון הרכב, שלף כסף והציע לי. רעדתי",אסף קמר,"(18:54 , 21.07.18 )"
"רוצה נכד מהבן שנרצח: ""מוכן לשלם גם בחיים שלי""",רענן בן צור ,"(17:30 , 21.07.18 )"
תיעוד: מאות ברחו מאזור בילוי בחיפה - עקב רעש של,"אחיה ראב""ד","(14:41 , 21.07.18 )"
אסון בחיפה: צעיר הציל אדם מטביעה - וטבע למוות,"אחיה ראב""ד וחסן שעלאן","(13:30 , 21.07.18 )"
תוכנית המחאה הגאה: שורת הפגנות ששיאן בעצרת בכיכר,אמיר אלון,"(14:36 , 20.07.18 )"
"""אין לך כבוד לעצמך"": ישראלי תועד מתפרע בטיסה",איתי בלומנטל,"(11:03 , 20.07.18 )"
"לקראת שביתת הלהט""ב: ""לא לחקיקה שמכוונת נגדנו""",אמיר אלון,"(00:13 , 20.07.18 )"
כמה ישלמו החברות לעובדים שיצטרכו הליך פונדקאות?,אדיר ינקו,"(22:12 , 19.07.18 )"
"שרים לרבש""צים: הקליפ של תושבי שער הנגב לרכזי",מתן צורי ,"(21:10 , 19.07.18 )"
"מחאת הלהט""ב: מאות הפגינו בתל אביב",אמיר אלון ואיתי בלומנטל,"(18:47 , 19.07.18 )"
גם החברות הגדולות במשק בפנים: בזק וסלקום למען,"אמיר אלון, צחי שדה ואיתי בלומנטל","(14:53 , 19.07.18 )"
"סערת הרב הקונסרבטיבי: היועמ""ש הורה לא לזמנו",טובה צימוקי ,"(13:01 , 19.07.18 )"
המחאה הגאה צוברת תאוצה: בהסתדרות קוראים למעסיקים,כתבי ynet,"(12:07 , 19.07.18 )"
"מסע ייסורי הפונדקאות בחו""ל: ""אין הבטחה שזה יצליח",אמיר אלון,"(00:24 , 19.07.18 )"
לא ערוכים לרעידת אדמה: חוזקו רק כ-50 בתי ספר,אדיר ינקו,"(21:55 , 18.07.18 )"
עשרות הפגינו נגד חוק הפונדקאות בתל אביב,"רועי רובינשטיין, אמיר אלון וישי פורת","(19:00 , 18.07.18 )"
"הפעוטה שנדרסה ע""י אביה התאוששה: ""מודים לה' על","אחיה ראב""ד ","(18:03 , 18.07.18 )"
"סכנת מחסור במים, חשמל ודלק. מאות אלפי מבנים לא",ירון דרוקמן,"(16:00 , 18.07.18 )"
"לקראת שביתת הלהט""בים: ""הקהילה תילחם בחזרה""",אמיר אלון,"(14:36 , 18.07.18 )"
"חרדים הפגינו בבית שמש: ""מטמאים את השכונה""",רועי רובינשטיין ,"(10:29 , 18.07.18 )"
"בת 10 טבעה למוות בבריכה במלון, מצילים עוכבו",אילנה קוריאל,"(09:41 , 18.07.18 )"
טביעה כפולה בחיפה: נפגע קשה לאחר שהציל אדם אחר,"אחיה ראב""ד","(00:18 , 18.07.18 )"
"פעם התחנה המרכזית הישנה, ב-2022 קמפוס תרבות",איתי בלומנטל,"(22:51 , 17.07.18 )"
"ניסתה להיכנס מהגג לבית הנעול, נפלה ונבלמה במזגן","אחיה ראב""ד","(20:47 , 17.07.18 )"
"נהג נפצע קשה בשריפה במכוניתו, שפרצה כנראה עקב",איתי בלומנטל,"(16:29 , 17.07.18 )"
בן 30 אותר ללא רוח חיים במקורות הירקון,רענן בן צור ,"(15:56 , 17.07.18 )"
תיעוד: צעירה נסה על נפשה מפני חרדים בבית שמש,יעל פרידסון ,"(10:54 , 17.07.18 )"
"חילונים ביישוב בנגב מנעו פתיחת גן דתי: ""השלב הבא",אילנה קוריאל,"(09:36 , 17.07.18 )"
הנשק החדש של משרד החוץ: קריקטורות,איתמר אייכנר ,"(09:05 , 17.07.18 )"
פלסטינים תרמו להקמת בית כנסת לזכר נרצח הפיגוע,אלישע בן קימון ,"(07:50 , 17.07.18 )"
"התחזית: חם ויבש, עומס חום קיצוני במזרח ובערבה",ynet,"(07:34 , 17.07.18 )"
"הכישלון בבחינת לשכת עורכי הדין: ""המתמחים שבורים,",ענבר טויזר ,"(00:52 , 17.07.18 )"
נמשכת העלייה בנכשלים: 68% לא עברו את בחינת לשכת,גלעד מורג,"(14:52 , 16.07.18 )"
"בשל העימות הדתי-חילוני: ""בריכת המריבה"" בקריית",אלישע בן קימון,"(13:50 , 16.07.18 )"
"המגשר שהחזיר את כרים נגד זועבי: ""לא עושה דבר",חסן שעלאן,"(12:53 , 16.07.18 )"
"קווי מטרו בגוש דן - התכנון יוצא לדרך, מתי ניסע",איתי בלומנטל,"(00:28 , 16.07.18 )"
קריית ענבים: שלושה בתים עלו באש בשריפת חורש,ישי פורת,"(23:53 , 15.07.18 )"
"קוצץ דרמטית הסיוע ל""יד שרה"": ""לא מספיק לשוקו""",אמיר אלון,"(21:17 , 15.07.18 )"
הנשיא צפה בגמר המונדיאל עם בני נוער מעוטף עזה:,ענבר טויזר ואיתי בלומנטל ,"(19:29 , 15.07.18 )"
לא רק רכבת קלה: תכנון קווי המטרו של גוש דן יוצא,איתי בלומנטל,"(16:36 , 15.07.18 )"
"הרוג בהתהפכות רכב ליד אליקים, תינוק נפצע קשה","אחיה ראב""ד","(14:50 , 15.07.18 )"
רעולי פנים זוחלים עם לומים: כך פרצו גנבים למסעדת,איתי בלומנטל ותיקי גולן,"(12:44 , 15.07.18 )"
"""לא נתייאש"": אלפים מקהילת הלהט""ב הפגינו נגד חוק",אמיר אלון,"(21:57 , 14.07.18 )"
"כ-150 אזעקות, פצועים בשדרות ויירוטים. חדשות השבת",ynet,"(20:31 , 14.07.18 )"
בן 25 טבע למוות בחוף בתל אביב,איתי בלומנטל,"(10:20 , 14.07.18 )"
אש במפעל ביבנה: מבנה תעשייתי נשרף כליל,אביבית צנטי ואליסף קוסמן,"(00:54 , 14.07.18 )"
"אביו של כרים: ""הדבר הראשון שהוא אמר לי - 'אני",חסן שעלאן ואלי סניור,"(00:39 , 14.07.18 )"
מוחמד נהרג בפיר בעומק 73 מטר; 3 נעצרו בחשד,"אחיה ראב""ד","(15:00 , 13.07.18 )"
חולון: פועל נפל לתוך דוחסן אשפה - ונהרג,איתי בלומנטל,"(11:51 , 13.07.18 )"
הרוג ו-4 פצועים בתאונה במנהרה ליד בית שאן,"אחיה ראב""ד","(09:12 , 13.07.18 )"
מכה לכשרות האלטרניטבית: תיאסר הצגת תעודה מגוף,קובי נחשוני ,"(01:37 , 13.07.18 )"
"יגאל נהרג בתאונת האומגה בהונדורס: ""היה חבר אמת,",רועי רובינשטיין ורענן בן צור,"(00:30 , 13.07.18 )"
"מחאה גאה על האפליה בזכות להורות: ""לסיים את הפרק",איתי בלומנטל ואמיר אלון,"(21:47 , 12.07.18 )"
"עיריית ת""א דרשה מבית כנסת לא להשמיע שירי שבת:",איתי בלומנטל,"(21:23 , 12.07.18 )"
"שיבושים ברכבת בסופ""ש: מהלילה - תחנות בצפון",רועי רובנשטיין ,"(19:45 , 12.07.18 )"
"""המוות לא יעצור אותנו"". השיר של נפגעי הטרור","אחיה ראב""ד","(16:44 , 12.07.18 )"
"נפגעו ממטוס ריסוס: ""אנשים הרגישו צריבות בעיניים",מתן צורי,"(16:03 , 12.07.18 )"
בן 17 נהרג בתאונת עבודה במשחטה בצפון,"אחיה ראב""ד","(14:02 , 12.07.18 )"
"דיון על היערכות לרעידות אדמה: ""גם בעוצמה 3","ישי פורת, אטילה שומפלבי ואלכסנדרה לוקש","(10:25 , 12.07.18 )"
"לצד אבא, בהלוויית אמא: הטרגדיה של בנות אופירה",כתבי ynet,"(02:58 , 12.07.18 )"
שני צעירים נהרגו בתאונה בין 4 כלי רכב בצפון,"אחיה ראב""ד וחסן שעלאן","(01:43 , 12.07.18 )"
"תיעוד חטיפת הילד מקלנסווה: ""החשד - נלקח לשטחים""",חסן שעלאן,"(18:45 , 11.07.18 )"
הקלה לחקלאים: קטע מכביש בגבול מצרים נפתח לתנועה,מתן צורי,"(17:54 , 11.07.18 )"
"התחממות כדור הארץ: ""האדם מכתיב את האקלים""","אחיה ראב""ד","(17:27 , 11.07.18 )"
בהוראת משרד הרווחה: נסגרה פנימייה שבה נדקר למוות,אמיר אלון ואילנה קוריאל,"(14:45 , 11.07.18 )"
עוד שני קווי רכבת קלה בגוש דן: מחר יפורסמו מכרזי,איתי בלומנטל,"(14:36 , 11.07.18 )"
"פרופ' משה ליסק נפטר בגיל 90: ""עיצב את ההבנה של",אדיר ינקו,"(11:08 , 11.07.18 )"
"דו""ח: רק 2% מהכנסות עמותות הרווחה בישראל יועדו",אמיר אלון,"(06:01 , 11.07.18 )"
"לקראת התרגיל המשותף של חיל הים עם צרפת: ""דאעש","אחיה ראב""ד","(21:10 , 10.07.18 )"
גרמניה תגדיל בכ-200 מיליון דולר את התשלומים,אמיר אלון,"(20:19 , 10.07.18 )"
המיליארדר היהודי וחברת הריגול הישראלית: פרטים,ענבר טויזר,"(16:24 , 10.07.18 )"
"הלכה לעולמה אמו של כותב ""שיר חייל""",מתן צורי ורז שכניק,"(09:37 , 10.07.18 )"
הולכת רגל נהרגה מפגיעת אוטובוס בחיפה ,"אחיה ראב""ד ","(08:40 , 10.07.18 )"
בגלל עימות על רחצה מעורבת: פעילות הבריכה בקריית,אלישע בן קימון,"(07:41 , 10.07.18 )"
"אריתריאים בישראל: ""למרות הפיוס עם אתיופיה -",אמיר אלון,"(00:18 , 10.07.18 )"
"תושבים בטבריה חוששים מרעשי האדמה: ""רעידה גדולה",רועי רובינשטיין,"(00:13 , 10.07.18 )"
"אות כבוד בולגרי לסופר מיכאל בר-זוהר: ""תרומה",אדיר ינקו,"(20:28 , 09.07.18 )"
"רעידת האדמה הקטלנית ביולי 1927: ""מרבית האזורים",אלכסנדרה לוקש וניר (שוקו) כהן,"(20:09 , 09.07.18 )"
"נטמן הצעיר שנהרג מנפילת קרש: ""היה לו לב טוב""",איתי בלומנטל,"(19:26 , 09.07.18 )"
מחפשים סימנים: נמשכות הסריקות לאיתור הנעדרת מתל,רענן בן צור,"(18:51 , 09.07.18 )"
עוד רעידת אדמה בצפון: העוצמה 3.2,ynet,"(18:27 , 09.07.18 )"
"דרמה פוליטית בת""א: אסף זמיר יתמודד לראשות העיר",איתי בלומנטל וקורין אלבז-אלוש,"(16:08 , 09.07.18 )"
"קנס 730 שקל בחוף נתניה: ""נכנס למים ללא בגד ים""",חסן שעלאן ,"(13:04 , 09.07.18 )"
פרשת מצלמות המהירות: בכיר במכון התקנים חשוד,"הלל פוסק, גלעד מורג ורענן בן צור","(11:50 , 09.07.18 )"
"חשד: אב דרס בטעות את בתו הקטנה בצפת, מצבה אנוש",גואל בנו,"(11:34 , 09.07.18 )"
אחרי שנה וחצי: הפסל של יעקב אגם חזר לכיכר,איתי בלומנטל,"(08:35 , 09.07.18 )"
"מומחים מרגיעים: ""אין הוכחות ברורות שרצף רעידות",כתבי ynet,"(00:14 , 09.07.18 )"
"שריפה פרצה במלון בטבריה, שלושה נפגעו קל משאיפת","אחיה ראב""ד","(20:48 , 08.07.18 )"
בן שמונה שרכב על אופניים נהרג מפגיעת רכב בסלעית,אלישע בן קימון ורותם אליזרע,"(20:35 , 08.07.18 )"
בעקבות רסיס מידע: חיפושים ביער בשרון אחר הנעדרת,רענן בן צור,"(19:00 , 08.07.18 )"
"אמה של הישראלית שנפצעה בהונדורס: ""לא מעכלים, היא",רועי רובינשטיין,"(17:41 , 08.07.18 )"
רעידת אדמה שנייה היום באזור הכינרת: 3.9 דרגות,כתבי ynet,"(16:35 , 08.07.18 )"
המחאה הצליחה: לשכת הפרסום הממשלתית תציג נשים,יעל פרידסון,"(16:15 , 08.07.18 )"
"השר לשעבר רץ לראשות העיר יבנה: ""העיר תקועה, צריך",אלכסנדרה לוקש ואטילה שומפלבי,"(15:55 , 08.07.18 )"
"שדרוג מסילות: אלו תחנות הרכבת שלא יפעלו בסופ""ש",רועי רובינשטיין,"(15:03 , 08.07.18 )"
"ההתנגשות הקטלנית באומגה: ""בארץ אין 'שגר ושכח'""",אלכסנדרה לוקש ואטילה שומפלבי,"(14:26 , 08.07.18 )"
שוב: רעידת אדמה הורגשה באזור הכינרת,אלכסנדרה לוקש ואטילה שומפלבי,"(14:13 , 08.07.18 )"
נהרג במעבר חציה בי-ם: משאית דרסה למוות הולך רגל,ישי פורת ,"(14:11 , 08.07.18 )"
רצף רעידות אדמה: אלו האזורים המועדים לפגיעה,אטילה שומפלבי ואלכסנדרה לוקש,"(13:33 , 08.07.18 )"
"נדקרה על ידי חולה שחפת: ""אמא נאבקת על חייה""",כתבי ynet,"(12:24 , 08.07.18 )"
"בנות הנעדרת מתל מונד: ""התעלומה אוכלת אותנו""",אטילה שומפלבי ואלכסנדרה לוקש,"(12:14 , 08.07.18 )"
התנגשו זה בזה באומגה: שיפור במצב האישה שנפצעה,רועי רובינשטיין,"(02:57 , 08.07.18 )"
יצא מהרכב בכביש 6 - ונהרג מפגיעת משאית,רענן בן צור וחסן שעלאן,"(01:46 , 08.07.18 )"
חשש כבד לחייה: התפתחות בפרשת הנעדרת מתל מונד,רענן בן צור,"(00:17 , 08.07.18 )"
היער השחור: נזקי טרור האש בעוטף עזה - בתמונות,מתן צורי ,"(20:44 , 07.07.18 )"
הפתעה במונדיאל ועוד רעידת אדמה בצפון: חדשות,ynet,"(20:00 , 07.07.18 )"
"תיקי האימוץ הושלכו: ""הסוד הכי כמוס נזרק לרחוב""",איתי בלומנטל,"(19:28 , 07.07.18 )"
בת 5 זרקה שקית במבה למגרסה - ואיבדה 4 אצבעות,חסן שעלאן,"(17:54 , 07.07.18 )"
היחידים שיוכלו להצביע שבוע לפני הבחירות המקומיות,אמיר אלון ,"(17:02 , 07.07.18 )"
שוב: רעידת אדמה הורגשה בצפון הארץ,ynet,"(06:11 , 07.07.18 )"
"מאות במצעד הגאווה באשדוד: ""אנחנו כאן ונהיה מה",אמיר אלון ,"(13:57 , 06.07.18 )"
כך וידא המוסד שמדובר בשעון של אלי כהן,רון בן ישי ומורן אזולאי,"(13:37 , 06.07.18 )"
כביש 4 נחסם באזור מחלף מורשה בשל שריפה,רענן בן-צור,"(13:32 , 06.07.18 )"
אמוניה דלפה במפעל ברום בנאות חובב,אילנה קוריאל,"(09:35 , 06.07.18 )"
רוכב אופנוע נהרג בתאונה עצמית בפתח תקווה,רענן בן צור ואיתי בלומנטל,"(01:14 , 06.07.18 )"
"בכיר בפיקוד העורף: ""מצפים לרעידת אדמה משמעותית""",כתבי ynet,"(00:22 , 06.07.18 )"
"עיכובים ברכבת העמק: ""יש עומס ואף אחד לא רוצה",רועי רובינשטיין ,"(22:05 , 05.07.18 )"
"ניצולי שואה נגד הצהרת נתניהו ור""מ פולין: ""בגידה",ענבר טויזר וקובי נחשוני,"(19:47 , 05.07.18 )"
"המוסד השיב את שעונו של אלי כהן מ""מדינת אויב""",מורן אזולאי וענבר טויזר,"(17:32 , 05.07.18 )"
"שריפה גדולה ליד בית שמש, החל פינוי בתים במושב",ישי פורת,"(16:50 , 05.07.18 )"
"זכוכית צנחה ממגדל בבני ברק והתנפצה ברחוב, איש לא",איתי בלומנטל ואלי סניור,"(14:55 , 05.07.18 )"
רעידת משנה בעוצמה של 3.2 דרגות הורגשה בצפון,אלכסנדרה לוקש ואטילה שומפלבי,"(13:34 , 05.07.18 )"
"מחאה נגד מצעד הגאווה באשדוד: ""מיעוט קטן רומס",קובי נחשוני,"(12:12 , 05.07.18 )"
בדיקת ynet: מבנים רבים בפריפריה לא ערוכים,ענבר טויזר ובילי פרנקל,"(08:01 , 05.07.18 )"
"נפטרה שעות לאחר הלידה: ""אמרה לי 'אל תדאג, אני",אלישע בן קימון וישי פורת,"(07:28 , 05.07.18 )"
רעידת אדמה בעוצמה 4.5 הורגשה בצפון ובמרכז ,כתבי ynet,"(00:02 , 05.07.18 )"
"מאבק יוצאי אתיופיה להעלאת קרוביהם מחריף: ""יתפרץ",אמיר אלון,"(18:29 , 04.07.18 )"
"תושבת תל מונד נעדרת שבועיים: ""אמא לא תיעלם סתם""",רענן בן צור ,"(15:25 , 04.07.18 )"
"ראש העיר טבריה בעקבות רעידת האדמה: ""חשש מאסון,",אלכסנדרה לוקש וניר (שוקו) כהן,"(13:56 , 04.07.18 )"
כביש 4 נפתח לתנועה לאחר השתלטות על שריפה,רענן בן צור,"(13:20 , 04.07.18 )"
"פסטיבל ""פסלים חיים"" ברחובות",ynet,"(11:33 , 04.07.18 )"
אדם נפצע קשה מאוד מקרש שנפל מפיגומי אתר בנייה,איתי בלומנטל,"(10:48 , 04.07.18 )"
"רעידת אדמה בכינרת הורגשה בצפון ובמרכז: ""חשבתי",יהונתן בניה,"(05:44 , 04.07.18 )"
"תקלה ברכבת לבנימינה: ""נתקענו שעתיים בדרך""",רועי רובינשטיין,"(17:50 , 03.07.18 )"
"אזעקות וריצה לממ""ד: פוסט טראומתיים בגלל מצב",אמיר אלון,"(13:38 , 03.07.18 )"
"אמו של נפתלי פרנקל: ""השופטת האשימה את הקורבן""",אלכסנדרה לוקש וניר (שוקו) כהן,"(12:45 , 03.07.18 )"
מיבנה לתאילנד: הטכנולוגיה הישראלית שמסייעת במערה,איתי בלומנטל,"(10:26 , 03.07.18 )"
"בית משפט בארה""ב למשפחת הנער שנחטף: ""הסתכנתם -",אלישע בן קימון,"(06:17 , 03.07.18 )"
תיעוד: נהג אוטובוס צופה במונדיאל בנסיעה,רועי רובינשטיין ,"(15:49 , 02.07.18 )"
הכרמלית חוזרת לחיפה: הקרונות החדשים הוכנסו,ליאור אל-חי,"(15:07 , 02.07.18 )"
מזל טוב: בת נולדה לאלמן הפיגוע מעתניאל,אלישע בן קימון ,"(13:03 , 02.07.18 )"
ירושלים: פצוע קשה במהלך מעבר דירה במאה שערים,ישי פורת,"(03:15 , 02.07.18 )"
"אם הפעוטה נחרדה מהסרטונים מהפעוטון: ""ראשה הוטח",רענן בן צור,"(01:15 , 02.07.18 )"
צעירה ילדה בתחנת דלק ליד בנימינה,רענן בן צור,"(21:30 , 01.07.18 )"
יוני האחרון: חם מהרגיל עם גשמים יוצאי דופן,גלעד כרמלי,"(20:37 , 01.07.18 )"
"פועל נפל מהקומה השישית ונהרג: ""דאג לפרנס את",חסן שעלאן,"(19:25 , 01.07.18 )"
"ירידה במספר ההרוגים בתאונות הדרכים: ""לא לפתוח","הלל פוסק, אטילה שומפלבי ואלכסנדרה לוקש","(14:18 , 01.07.18 )"
בהלה ברכבת: חייל פלט כדור בקרון ונפצע ברגלו,"איתי בלומנטל, רועי רובינשטיין ויואב","(08:19 , 01.07.18 )"
"ההרמון של המנהלת מצפת: ""התנשקנו המון, מגעיל אותי",אריאלה שטרנבך ויהודה שוחט,"(07:12 , 01.07.18 )"
"נעצר חשוד בתקיפת הנהגת, הישגים לצבא אסד בדרום",ynet,"(20:32 , 30.06.18 )"
מכה שלא כתובה,אריאלה שטרנבך ,"(16:41 , 30.06.18 )"
"צפרה והותקפה באכזריות: ""נטפתי דם, ראיתי את",ישראל מושקוביץ,"(18:26 , 29.06.18 )"
שוב: חרדים סירבו לשבת במטוס ליד נשים - והן אלו,איתי בלומנטל,"(17:35 , 29.06.18 )"
"מצעד הגאווה בראשון לציון: ""הגעתי לייצג את הבן",אמיר אלון,"(12:55 , 29.06.18 )"
"רקדן נכה טוען שנשאל בנתב""ג: ""קטעת את הרגליים כדי",איתי בלומנטל,"(12:31 , 29.06.18 )"
אלשיך מינה ניצבים חדשים במשטרה,ישי פורת,"(11:08 , 29.06.18 )"
"רוקדים ומבלים: תל אביב חוגגת ""לילה לבן""",איתי בלומנטל,"(23:48 , 28.06.18 )"
"מחאת הנכים: איילון דרום נחסם, הפגנות מול בתי",אמיר אלון,"(19:50 , 28.06.18 )"
איחורים וביטולים: ההסכם בין אל-על לטייסים מייצר,איתי בלומנטל,"(17:06 , 28.06.18 )"
"עגבת, נגיפים ואנורקסיה: כרזות שטנה נגד מצעד",אמיר אלון ,"(14:56 , 28.06.18 )"
"נגד אלימות: נהגי ""אפיקים"" הודיעו על שביתה ביום",רועי רובינשטיין  ,"(14:31 , 28.06.18 )"
"מפת החסימות: לילה לבן בת""א ומצעד גאווה בב""ש","איתי בלומנטל ואוריאל גור דוד, רדיו דרום","(14:04 , 28.06.18 )"
המשפחה חוששת: שתי אחיות נעדרות כבר שבוע,חסן שעלאן,"(12:45 , 28.06.18 )"
"""מחכים למישהו חשוב"": טיסה התעכבה בגלל סמנכ""ל",איתי בלומנטל,"(17:37 , 27.06.18 )"
"המשפחה שאותה הצילה סבתא רבתא של וויליאם: ""המפגש",כתבי ynet,"(11:46 , 27.06.18 )"
"הנסיך וויליאם נפגש עם נטע ברזילי וצייץ: ""כפרה",איתמר אייכנר,"(11:15 , 27.06.18 )"
חשד לרצח: גופת אדם נמצאה בפארק הלאומי אשקלון,מתן צורי,"(10:00 , 27.06.18 )"
"הקו המהיר לירושלים: עימות בין יו""ר הרכבת ליו""ר",רועי רובינשטיין,"(07:18 , 27.06.18 )"
"המפכ""ל בריקוד אתיופי מסורתי: ""נעשו אינספור",אמיר אלון,"(06:09 , 27.06.18 )"
"בר רפאלי: ""וויליאם – הנסיך הכי יפה בעולם""",ynet,"(05:11 , 27.06.18 )"
הרשימה המלאה: אלו הערים המסוכנות לילדים בדרכים,אדיר ינקו ורועי רובינשטיין,"(01:06 , 27.06.18 )"
"על החוף ובסוכת המציל: הנסיך וויליאם בת""א",כתבי ynet,"(18:36 , 26.06.18 )"
שריפה ליד קניון אילון גרמה להפסקת תנועת הרכבות ,כתבי ynet,"(15:48 , 26.06.18 )"
"שפרעם: שריפה פרצה במפעל פלסטיק, בתים נפגעו",חסן שעלאן,"(13:00 , 26.06.18 )"
"דרס למוות ילד, ברח והסגיר את עצמו ",חסן שעלאן,"(20:13 , 25.06.18 )"
פעם שלישית: עיריית י-ם מימנה שלא כדין אירוע,יעל פרידסון ,"(19:44 , 25.06.18 )"
"מרוץ לזכר השוטר שנרצח בהר הבית: ""חשוב להנציח את",ישראל מושקוביץ,"(16:50 , 25.06.18 )"
"החוקים תקועים, השלטון המקומי מציע: ""נכשיר",אמיר אלון,"(13:52 , 25.06.18 )"
"שלומציון טבעה למוות ביום ההולדת: ""איך אפשר","ישי פורת ואחיה ראב""ד","(11:38 , 25.06.18 )"
"פיירברג פתחה את מסע הבחירות: ""הבאתי את איקאה,",רועי רובינשטיין,"(02:00 , 25.06.18 )"
"מאות הגיעו לנחם את משפחות ההרוגים בתאונה: ""אהבנו",חסן שעלאן ,"(21:25 , 24.06.18 )"
"מועמדת ראשונה לראשות העיר בית שמש: ""לא תהיה",יעל פרידסון,"(20:23 , 24.06.18 )"
שני צעירים מהצפון נהרגו בתאונה בג'נין ,חסן שעלאן,"(16:35 , 24.06.18 )"
"ביהמ""ש: אירוע ""משיח בכיכר"" עם הפרדה מגדרית",גלעד מורג,"(13:57 , 24.06.18 )"
"הזזת נשים לבקשת חרדים בטיסת אל על: ""סיטואציה",אטילה שומפלבי ואלכסנדרה לוקש,"(11:34 , 24.06.18 )"
הרוג בתאונה בין כלי רכב באזור משגב,"אחיה ראב""ד","(10:44 , 24.06.18 )"
מאחדים משפחות: בדיקות DNA בחינם לילדי מהגרים,איתמר אייכנר ,"(09:44 , 24.06.18 )"
"מהיום ועד יום חמישי: אין רכבות לנתב""ג, יופעלו",רועי רובינשטיין ,"(00:20 , 24.06.18 )"
סוס בכביש גהה: גרסת המציאות,איתי בלומנטל ,"(23:11 , 23.06.18 )"
צפו: מיצג אנושי נגד הקמת שדה תעופה בעמק יזרעאל,"אחיה ראב""ד ","(21:42 , 23.06.18 )"
חדשות השבת: נתניהו הגיב לאישום נגד רעייתו; שניים,ynet,"(19:58 , 23.06.18 )"
אל על הזיזה נשים ממושבן כי חרדים סירבו לשבת לידן,איתי בלומנטל,"(19:26 , 23.06.18 )"
נקבע מותה של הילדה בת הארבע שטבעה אתמול בכינרת,"אחיה ראב""ד וחסן שעלאן ","(18:46 , 23.06.18 )"
תאונת עבודה בנצרת עילית: פועל כבן 20 נפל ונהרג,"אחיה ראב""ד","(14:33 , 23.06.18 )"
"בן שנתיים מרהט שתה חומר ניקוי, מצבו קשה",אילנה קוריאל,"(11:40 , 23.06.18 )"
"""הילד מת"", אבל קבר אין. תעלומת יוסף דבוש",רענן בן צור ,"(00:20 , 23.06.18 )"
"קריית-ים: ניסה להבריח יונים, נפל מקומה 12 -","אחיה ראב""ד","(14:51 , 22.06.18 )"
"אלפים במצעד הגאווה בחיפה: ""לא כמו בתל-אביב""","אחיה ראב""ד","(13:19 , 22.06.18 )"
בעל הפיצרייה נהרג כשיצא למשלוח האחרון,רענן בן צור,"(12:05 , 22.06.18 )"
"הבדואים מחוץ לבריכה: ""שורף בלב, זו גזענות""",אילנה קוריאל,"(11:47 , 22.06.18 )"
אורחים לא הגיעו לבת-מצווה: שוטרים הוזעקו לשמח,"אחיה ראב""ד","(11:11 , 22.06.18 )"
"בן 10 נדרס למוות ע""י משאית בלוד, רוכב אופנוע",כתבי ynet,"(00:48 , 22.06.18 )"
"""כינרת בטוחה"": 300 מצלמות ישדרו מהחופים  ","אחיה ראב""ד","(00:31 , 22.06.18 )"
"הפגנה מול עיריית חולון: ""אומרים לא ללהט""בופוביה""",רועי רובינשטיין ,"(19:37 , 21.06.18 )"
סערת ילדי תימן: מאות מפגינים מול בית ראש הממשלה,ענבר טויזר,"(19:36 , 21.06.18 )"
"מאות הורים הפגינו: ""דורשים פיקוח מלא על המעונות""",אמיר אלון ,"(18:34 , 21.06.18 )"
"עיריית ראשל""צ: פוטר הסגן שהכריז כי ירוץ לראשות",רועי רובינשטיין,"(18:11 , 21.06.18 )"
"בנות הישראלי שנהרג בשוויץ ספדו לו: ""נפש של ילד,",איתי בלומנטל ,"(13:04 , 21.06.18 )"
כוויות חמורות: בת 7 מאושפזת שבוע עקב צריבת מדוזה,רותם אליזרע,"(01:00 , 21.06.18 )"
"מצוקת המים, במבט מלמעלה: האי בכינרת מתרחב","אחיה ראב""ד","(21:03 , 20.06.18 )"
"אופנוען נהרג בטמרה, בן 10 נפצע קשה בערבה","אחיה ראב""ד ואילנה קוריאל","(20:36 , 20.06.18 )"
"הורים לאוטיסטים: ""בהוסטלים משתיקים ילדים בתרופות",אמיר אלון,"(19:31 , 20.06.18 )"
"מתנצל על פוסט ""מצעדי החיות המבחילות"": ""כשלתי",אדיר ינקו ,"(15:30 , 20.06.18 )"
"פלורי נהרגה במעבר החציה: ""הילדים מחפשים אותה בכל",יעל פרידסון ואיתי בלומנטל,"(14:53 , 20.06.18 )"
"74 נשים ערביות התגייסו למשטרה בשנתיים: ""זו",ישי פורת ,"(13:56 , 20.06.18 )"
האיש שהכשיר דורות של טייסים הלך לעולמו,איתי בלומנטל ,"(11:34 , 20.06.18 )"
נשר: קשיש שחצה כביש ראשי נהרג מפגיעת מכונית,"אחיה ראב""ד ורועי רובינשטיין","(09:11 , 20.06.18 )"
טרגדיה בטורקיה: בת ארבע מטירה טבעה למוות,חסן שעלאן,"(21:22 , 19.06.18 )"
מכללת אשקלון: נאסרה כניסתם של סטודנטים שהפגינו,אדיר ינקו,"(16:57 , 19.06.18 )"
"אחד ממארגני עצרת ""משיח בכיכר"": ""האירוע יתקיים,",איתי בלומנטל ואטילה שומפלבי,"(14:05 , 19.06.18 )"
הלך לעולמו הפעוט שטבע בבריכה ברהט,אילנה קוריאל,"(12:02 , 19.06.18 )"
רוכב אופנוע נהרג בתאונה סמוך לגדרה,מתן צורי,"(08:01 , 19.06.18 )"
הרפורמה במוניות השירות: שימוש ברב-קו וקווים,רועי רובינשטיין,"(06:53 , 19.06.18 )"
"דו""ח תלונות הציבור: אפליית ערבים בדיור הציבורי;",ירון דרוקמן,"(15:59 , 18.06.18 )"
"פשיטה על ""מאהל ההשתלטות"" של חסידי ברלנד בירושלים",אריאלה שטרנבך,"(14:07 , 18.06.18 )"
"השר חיים כץ: ""לפקידי האוצר לא אכפת מחלשים"".",אמיר אלון ואטילה שומפלבי,"(11:43 , 18.06.18 )"
"""ירקו עליי ויצאו עם מוט ברזל"": נהגי אוטובוס חסמו",רועי רובינשטיין,"(10:56 , 18.06.18 )"
"דו""ח אמנסטי: ""ישראל ואוגנדה מרמות מבקשי מקלט""",אמיר אלון,"(02:05 , 18.06.18 )"
"סגן ראש העיר חולון על אירועי הגאווה: ""מצעדי חיות",איתי בלומנטל ואדיר ינקו,"(00:34 , 18.06.18 )"
פעוט טבע ברהט ומצבו קשה מאוד; שיפור במצב הילד,"אילנה קוריאל ואחיה ראב""ד","(18:39 , 17.06.18 )"
"תיעד בשידור חי נהיגה ב-213 קמ""ש - ונעצר. צפו",רענן בן צור,"(12:41 , 17.06.18 )"
בן 5 במצב קשה לאחר שנפל עליו פסל,"אחיה ראב""ד","(12:05 , 17.06.18 )"
אחרי יותר מ-70 שנה: נמצאה מחברת המוות מהגטו ,איתמר אייכנר ,"(09:53 , 17.06.18 )"
"הרוג בתאונה בכינרת. חגיגה של רונאלדו, אכזבה למסי",ynet,"(20:23 , 16.06.18 )"
מטיילים בשרב הכבד: כ-80 אלף יצאו לטבע,גלעד כרמלי,"(17:07 , 16.06.18 )"
גבר נהרג בהתנגשות בין סירה ואופנוע ים בכינרת,"אחיה ראב""ד","(16:03 , 16.06.18 )"
שלושה צעירים תקפו נופשים בכינרת ונמלטו מהמשטרה,"אחיה ראב""ד","(12:07 , 16.06.18 )"
ברום דלף ממפעלי ים המלח: תושבים הסתגרו בבתיהם,אילנה קוריאל,"(14:24 , 15.06.18 )"
"""ספין עלוב""; ""אטומים"": שני משרדי ממשלה מתכתשים",אמיר אלון,"(13:01 , 15.06.18 )"
"ניצול שואה עלה לארץ בגיל 92: ""ישראל היא המולדת""",איתמר אייכנר,"(12:05 , 15.06.18 )"
חצי שנה אחרי אמא: טל חלה בסרטן נדיר בראשו,גואל בנו,"(10:18 , 15.06.18 )"
הפקקים חוזרים: 5 תחנות רכבת ייסגרו לארבעה ימים,רועי רובינשטיין,"(09:25 , 15.06.18 )"
"תקועים בכביש 444:  ""נמאס לנו, אלפים סובלים כל",חסן שעלאן,"(19:38 , 14.06.18 )"
"צעיר נהרג בתאונה בצפון, בן 7 נפצע בינוני בפגע",ישי פורת,"(18:39 , 14.06.18 )"
"עובדות תעשיית המין נגד שקד: ""אין הוכחה שהפללה",אמיר אלון ,"(17:13 , 14.06.18 )"
"קריסה באתר בנייה בפתח תקווה: שלושה פצועים, אחד",רענן בן צור ,"(13:22 , 14.06.18 )"
תקלה בוואטסאפ: האפליקציה קרסה לכ-20 דקות,ynet,"(09:26 , 14.06.18 )"
"מים מזוהמים בת""א: ""פגרי עכברים במאגר מי שתייה",איתי בלומנטל,"(01:04 , 14.06.18 )"
נשות הכותל הוזהרו: הכנסת ספרי תורה תוביל להרחקה,קובי נחשוני,"(19:47 , 13.06.18 )"
תגובה להתעללויות: הממשלה תצביע על חוק לפיקוח,אמיר אלון,"(18:32 , 13.06.18 )"
"תינוקת נחנקה בעת הנקה בגן שעשועים, מצבה קשה",ישי פורת ויעל פרידסון,"(18:22 , 13.06.18 )"
"חסידי ברלנד השתלטו על שכונה בי-ם: ""טירוף מוחלט""",אריאלה שטרנבך,"(18:05 , 13.06.18 )"
"נלחמת 13 שנה על חדר משלה: ""מזלזלים בי""",אילנה קוריאל ,"(15:36 , 13.06.18 )"
"בתים הוצפו בשדרות: ""מים הגיעו עד מיטת הילדים""",כתבי ynet,"(12:54 , 13.06.18 )"
התשובה לחמאס: עפיפוני השלום בשמי לוס אנג'לס,איתמר אייכנר,"(00:27 , 13.06.18 )"
בשורה לנהגים: בוטלה החובה להחזיק רישיון נהיגה,רועי רובינשטיין,"(13:52 , 12.06.18 )"
"טקס לשוטרים שנפלו: ""הם חומת המגן האנושית שלנו""",ישי פורת,"(22:53 , 11.06.18 )"
הפתרון נגד נהגים שחונים בחניית נכים בניגוד לחוק ,רועי רובינשטיין,"(15:16 , 11.06.18 )"
בת זוגו של נכה משותק מועמדת לגירוש לפיליפינים:,ענבר טויזר,"(14:00 , 11.06.18 )"
צעד נוסף בתוכנית לצמצום הפקקים בגוש דן,רועי רובינשטיין,"(09:03 , 11.06.18 )"
"המשטרה השעתה חלוקת דו""חות ממצלמות מהירות מחשש",כתבי ynet,"(00:37 , 11.06.18 )"
"חשד: כשל בטיחותי ב""חיפה כימיקלים"" בנגב גרם למות",אילנה קוריאל,"(23:18 , 10.06.18 )"
"מסע מתועד בשדות השרופים של עוטף עזה: ""ניצור משהו",אלכסנדרה לוקש וניר (שוקו) כהן,"(21:33 , 10.06.18 )"
"מחקר של הביטוח הלאומי: ""הקצבאות בישראל -",אמיר אלון,"(20:15 , 10.06.18 )"
רכבת ישראל: תוקנה התקלה שגרמה לשיבושים קשים,רועי רובינשטיין,"(17:20 , 10.06.18 )"
"הצעירה שעוכבה ברכבת בגלל ""לבוש חושפני"": ""רוצה","רועי רובינשטיין, אלכסנדרה לוקש וניר","(14:31 , 10.06.18 )"
בגלל תקלה: עיכובים ברכבות באזור השרון והמרכז,רועי רובינשטיין,"(09:10 , 10.06.18 )"
טייס מטוס ריסוס נפצע בינוני בהתרסקות בעמק יזרעאל,"אחיה ראב""ד ואיתי בלומנטל","(08:53 , 10.06.18 )"
עבודות בציר מרכזי בגוש דן גרמו לשיבושי תנועה,איתי בלומנטל,"(00:36 , 10.06.18 )"
"טראמפ נותן לקים ""הזדמנות חד פעמית"", ישראלי חשוד",ynet,"(20:25 , 09.06.18 )"
בת 9 במצב קשה לאחר שטבעה בחוף בחיפה,"אחיה ראב""ד וענבר טויזר","(19:36 , 09.06.18 )"
"תן נשך ילדה בחמת גדר, אתר הקמפינג נסגר עד להודעה","אחיה ראב""ד","(15:16 , 09.06.18 )"
"צפו: הרכב התהפך 7 פעמים, הנהג יצא רק עם שריטות",רועי רובינשטיין,"(11:46 , 09.06.18 )"
תאונה קטלנית ליד כרמיאל: נערה בת 14 מתה מפצעיה,"אחיה ראב""ד","(09:17 , 09.06.18 )"
רוכב אופניים חשמליים נהרג מפגיעת רכב בכביש 1,ynet,"(20:25 , 08.06.18 )"
שיא חדש: כרבע מיליון השתתפו במצעד הגאווה בתל,איתי בלומנטל,"(18:11 , 08.06.18 )"
"עוכבה בכניסה לרכבת בגלל ""לבוש חושפני"": ""משפיל,",רועי רובינשטיין,"(15:52 , 08.06.18 )"
"ההרוגה בהודו נטמנה: ""אדוה, איך נפרדים?""",רועי רובינשטיין,"(10:34 , 08.06.18 )"
חשד: סוהרות הועברו אגף לדרישת אסיר ביטחוני -,קורין אלבז-אלוש ורענן בן צור,"(08:29 , 08.06.18 )"
"פיצוץ בבניין בשדרות: קיר קרס, גבר נפצע אנוש",מתן צורי,"(06:53 , 08.06.18 )"
עצומה של אילנה ראדה: לפתוח את תיק הרצח,ynet,"(00:49 , 08.06.18 )"
גם בשרון: עפיפוני תבערה גרמו לשריפה במושב,רענן בן צור,"(23:56 , 07.06.18 )"
"פעוטות בסכנה: יותר מ-4,000 מעונות לא מפוקחים",אמיר אלון,"(22:16 , 07.06.18 )"
"נטיעות מול עפיפונים: ""הם שורפים, אנחנו  נוטעים""",מתן צורי,"(21:25 , 07.06.18 )"
בן 7 שרכב על אופניו התנגש בילד אחר - ונהרג,אלישע בן קימון,"(20:11 , 07.06.18 )"
"המעון שבו מתה הפעוטה החליף שם: ""מנסים לנתק כל",אדיר ינקו ורענן בן צור,"(16:59 , 07.06.18 )"
"לקראת מצעד הגאווה: הכבישים שייחסמו, והרחובות",איתי בלומנטל,"(16:17 , 07.06.18 )"
"נסע נגד כיוון התנועה בכביש 6: ""הנהג היה מבולבל",רועי רובינשטיין ,"(16:03 , 07.06.18 )"
בעקבות אסון השיטפון: המלצה לסגור זמנית את מכינת,אדיר ינקו,"(13:17 , 07.06.18 )"
"האכזבה של נעם: ""לא פייר שמסי לא מגיע""",נדב צנציפר,"(09:49 , 07.06.18 )"
עמותות מזון: הביטוח הלאומי מסתיר מידע על כמות,אמיר אלון ,"(07:40 , 07.06.18 )"
פעוט בן 3 מת לאחר שהותקף על ידי כלב במזרח,חסן שעלאן,"(05:09 , 07.06.18 )"
"במהלך הפגנת ""די לאלימות"": עימותים בין אריתריאים",אמיר אלון ואיתי בלומנטל,"(20:56 , 06.06.18 )"
"רכב פגע בבית קפה בתל אביב, בן 6 נפצע בינוני",איתי בלומנטל,"(18:09 , 06.06.18 )"
"""ה-1,500 דונם שנשרפו זה יותר מבאס ממסי""",אטילה שומפלבי ומתן צורי,"(14:05 , 06.06.18 )"
התאונה הקטלנית בהודו: התמונות מפינוי הישראלים,איתמר אייכנר,"(13:17 , 06.06.18 )"
"עיתונאי מארגנטינה: ""השחקנים התחילו לפחד",רועי רובינשטיין,"(11:08 , 06.06.18 )"
"""מגיע לנו לחיות בירושלים"": המאבק על מחנה יהודה",יעל פרידסון,"(22:38 , 05.06.18 )"
"מטיחים סלעים בחנויות: תיעוד המהומות בדרום ת""א",איתי בלומנטל,"(21:22 , 05.06.18 )"
"התוכנית אושרה: זה המחלף שיקצר את הדרך לנתב""ג",רועי רובינשטיין,"(21:15 , 05.06.18 )"
"יום שלישי למהומות בדרום ת""א: אוטובוס ספג אבנים",איתי בלומנטל,"(19:12 , 05.06.18 )"
"""ביקשתי שלא יעשן - והוא בעט בי"": תיעוד מאוטובוס",רועי רובינשטיין,"(18:37 , 05.06.18 )"
אני שק חבטות. אני מוכה. אני נאנסתי. זאת אני,אמיר אלון,"(16:22 , 05.06.18 )"
"טרור העפיפונים: כובתה אש ליד מכללת ספיר, תשע",מתן צורי ואור עזרן,"(16:20 , 05.06.18 )"
"בדרך לסופ""ש שרבי: מחר חם מהרגיל",ynet ,"(16:01 , 05.06.18 )"
"יום כיף לעובדים השובתים בוטל, תושבי עוטף עזה",ענבר טויזר ,"(15:33 , 05.06.18 )"
"תיעוד מפניית פרסה מסוכנת: ""לא לחכות לעוד אסונות""",חסן שעלאן ,"(15:17 , 05.06.18 )"
"""נהרגה במקום שהכי אהבה"". אבל בבית משפחת הרוגת",רועי רובינשטיין,"(14:29 , 05.06.18 )"
"מלכת יופי, מתמחה בבית הלבן ומורה לאנגלית בישראל",איתמר אייכנר ,"(07:15 , 05.06.18 )"
ספרים אז והיום: עלייה בהדפסת ספרות תורנית,אדיר ינקו,"(06:34 , 05.06.18 )"
"בת 99, עם 80 נינים בישראל - לא יכולה לעלות לארץ",ענבר טויזר,"(17:29 , 04.06.18 )"
אלפי נוסעים בלי רכבת בשרון עד יום ה' בבוקר,רועי רובינשטיין,"(16:31 , 04.06.18 )"
מפגינים נכים חסמו צומת מרכזי בתל אביב,איתי בלומנטל,"(14:02 , 04.06.18 )"
העבודה החדשה של יאיר נתניהו,גלעד מורג,"(14:01 , 04.06.18 )"
"מצעד הגאווה ה-20 בת""א בשישי: עשרות אלפי תיירים",איתי בלומנטל,"(00:28 , 04.06.18 )"
"מחאת הנכים התחדשה: ""רוצים שנמות? תודיעו לנו""",אמיר אלון,"(00:25 , 04.06.18 )"
תיעוד: נהגי אוטובוס בירושלים מבצעים עבירות,רענן בן צור,"(20:33 , 03.06.18 )"
"הקטל בכבישים: בן 50 נהרג בצפון, בת 29 נהרגה","אחיה ראב""ד ואלישע בן קימון","(18:52 , 03.06.18 )"
התחזית: גם מחר ישררו טמפרטורות נמוכות מהממוצע,ynet,"(15:46 , 03.06.18 )"
תיעוד: תינוק נשכח באוטובוס נוסע בירושלים,ישי פורת,"(09:41 , 03.06.18 )"
נקבע מותו של נער שקפץ לכנרת וטבע,"אחיה ראב""ד","(08:39 , 03.06.18 )"
"נזק כבד מטרור העפיפונים, טראמפ קיבל מעטפה מקים.",ynet,"(20:24 , 02.06.18 )"
"""לא ישברו אותנו"": ג'עפר פרח חזר להפגין בחיפה",ליאור אל-חי וחסן שעלאן,"(22:27 , 01.06.18 )"
"תיעוד: מנקבים צמיגים ומרססים ""יהודים לא שותקים""",אלישע בן קימון ואליאור לוי,"(19:14 , 01.06.18 )"
"קיבוץ מאחורי חומה: רקטות, מנהרות ובית כנסת",מתן צורי,"(13:45 , 01.06.18 )"
ניקה את נשקו ונהרג מפליטת כדור,אלישע בן קימון,"(12:29 , 01.06.18 )"
"אלפים במצעד הגאווה הראשון בכפר סבא: ""לכל אחד",אמיר אלון ,"(11:20 , 01.06.18 )"
גבר התחשמל למוות בביתו בירושלים,ישי פורת,"(19:36 , 31.05.18 )"
הפגנת נכים וקשישים: איילון דרום נחסם למשך כשעה,אמיר אלון,"(18:44 , 31.05.18 )"
אחרי החשיפה: קריקטורה אנטישמית תוסר מספרי לימוד,איתמר אייכנר,"(13:17 , 31.05.18 )"
פגיעה בציבור או צעד מבורך? הגבלות חדשות על,ענבר טויזר ורועי רובינשטיין,"(08:03 , 31.05.18 )"
היכונו לפקקים: בשבוע הבא ייסגרו תחנות רכבת בשרון,רועי רובינשטיין,"(19:56 , 30.05.18 )"
כבאים השתלטו על שריפה באזור ירושלים,ישי פורת,"(19:30 , 30.05.18 )"
"המטחים עברו, הטראומה נשארה: ילד פחד לצאת",אמיר אלון ,"(18:53 , 30.05.18 )"
"OECD על ישראל: לשפר את התחבורה הציבורית, להשקיע",ynet,"(16:30 , 30.05.18 )"
"מתחתנת בעוטף עזה: ""רקטות? חששנו רק מהגשם""",ישי פורת,"(12:38 , 30.05.18 )"
תוך פחות מיממה: 4 הרוגים בכבישים,"אחיה ראב""ד ","(07:55 , 30.05.18 )"
ישראלים לצד איראנים: שיתוף פעולה נדיר ברוסיה,ענבר טויזר,"(01:40 , 30.05.18 )"
מיטל מרוחמה ואתאר מרהט נהרגו בתאונה חזיתית,כתבי ynet,"(01:34 , 30.05.18 )"
תיעוד: נער משתולל עם טרקטורון בכביש ראשי - ובורח,איתי בלומנטל,"(22:02 , 29.05.18 )"
שתי נהגות צעירות נהרגו בתאונה בשער הנגב,מתן צורי ,"(07:51 , 29.05.18 )"
התנקשות מטווח קצר: הרוגה ופצועה קשה מירי סמוך,אלי סניור ואיתי בלומנטל,"(00:21 , 29.05.18 )"
"""שדרת הייד-פארק"" ללהט""ב: ""נאבקים להגיע לכל מקום""",אמיר אלון,"(00:11 , 29.05.18 )"
"קרובי החייל שנהרג בתאונה: ""ייתכן שהוא נבהל",רענן בן צור ועידו ארז,"(19:20 , 28.05.18 )"
נהג מצא 40 אלף שקלים באוטובוס – והשיבם לאישה,ישי פורת,"(16:39 , 28.05.18 )"
"ההרוג בתאונה בכביש החוף - חייל: ""קראנו לו לעצור""",רענן בן צור,"(13:30 , 28.05.18 )"
המשטרה: הנהג שנהרג בכביש החוף עלה על מדרכות ופגע,רענן בן צור,"(08:48 , 28.05.18 )"
"פרצו את הדרך לירושלים: תיעוד חפירת מנהרת שז""ר",יעל פרידסון,"(00:21 , 28.05.18 )"
"מנהיגי הקוריאות נפגשו, מח""ש בודקת תיעוד של שוטר",ynet,"(20:16 , 26.05.18 )"
אבוקות עשן הושלכו לפח סמוך לבית נתניהו בקיסריה,כתבי ynet,"(17:57 , 25.05.18 )"
אליפות העולם בתחום שלא דמיינתם מגיעה לישראל,אלכסנדרה לוקש וניר (שוקו) כהן,"(14:15 , 25.05.18 )"
יהלומים בשווי מאות אלפי שקלים הושלכו בשוגג לאשפה,איתי בלומנטל,"(20:44 , 24.05.18 )"
"שר התחבורה כץ נגד חולדאי: ""מעכב סלילת נתיבי",איתי בלומנטל,"(20:17 , 24.05.18 )"
שני נוסעי רכב פרטי נהרגו מפגיעת אוטובוס בנגב,מתן צורי,"(19:12 , 24.05.18 )"
"27 שנים למבצע שלמה: ""עדיין מתייחסים אלינו",ענבר טויזר,"(18:31 , 24.05.18 )"
הופעת עומר אדם בסמי עופר: פקקים כבדים צפויים,"אחיה ראב""ד ","(16:44 , 24.05.18 )"
3 ילדים ננעלו בתוך רכב ונחנקו למוות,חסן שעלאן,"(14:54 , 24.05.18 )"
30 יום לאסון בנחל צפית: חבריה של יעל סדן הנציחו,ישי פורת ,"(08:00 , 24.05.18 )"
"מטפס ההרים יחזור לישראל: ""לא מפחד מדרך ארוכה""",איתי בלומנטל,"(00:14 , 24.05.18 )"
בית שמש: ילדים פונו מקראוון שעלה באש,ישי פורת,"(17:34 , 23.05.18 )"
חדקונית הדקל והקרב בין החקלאים לעיריית אילת,אלכסנדרה לוקש ,"(14:26 , 23.05.18 )"
"משמעת מים, מדורה ו""חבר טלפוני"": המדריך לשורד",רועי רובינשטיין ואילנה קוריאל,"(01:03 , 23.05.18 )"
"כתבו SOS בנגב וחולצו: ""חפרנו בורות והסתתרנו""",אילנה קוריאל,"(21:11 , 22.05.18 )"
הכשרה במקום גירוש: תוכנית בכירי המשק לשילוב,אמיר אלון,"(19:53 , 22.05.18 )"
"איבדו דרכם בנגב - וכתבו SOS מאבנים: ""הגבר אכל",אילנה קוריאל,"(14:23 , 22.05.18 )"
"""קצרו את זמן המקלחת"": התוכנית לחיסכון במים",אילנה קוריאל,"(11:23 , 22.05.18 )"
"בנו של הרוג באתר בנייה: ""לא הספקנו להיפרד כמו",כתבי ynet,"(00:17 , 22.05.18 )"
"נפגעו בילדות והפכו למדריכי נוער בסיכון: ""לא",אמיר אלון,"(22:38 , 21.05.18 )"
תיעוד: פנה בניגוד לחוק - והתנגש בעוצמה בשתי,"רועי רובינשטיין ואחיה ראב""ד","(18:50 , 21.05.18 )"
"דו""ח: עלייה של 80% בבני הנוער שדיווחו על תקיפה",אמיר אלון,"(13:30 , 21.05.18 )"
"אשתו של הישראלי שחולץ בהימלאיה: ""הוא אכל קרח כדי",אלכסנדרה לוקש וניר (שוקו) כהן,"(12:34 , 21.05.18 )"
"ארדן: ""הממצאים הרפואיים מצריכים חקירה"", פרח: ""לא",אלכסנדרה לוקש וניר (שוקו) כהן,"(10:04 , 21.05.18 )"
כתוב בחול: מהמידברן לתל אביב,איתי בלומנטל ,"(19:52 , 20.05.18 )"
"אסונות טביעה, עימותים ומעצרים בחיפה. סיכום חדשות",ynet,"(19:19 , 20.05.18 )"
"פעוטה טבעה בתל אפק ומצבה אנוש, פעוטה טבעה למוות",כתבי ynet,"(16:41 , 20.05.18 )"
חוגגים שבועות: רבבות יצאו לטייל ברחבי הארץ,כתבי ynet,"(15:46 , 20.05.18 )"
"אם ההרוגה למדריך הטיולים: ""מה חשבת?""",איתי בלומנטל,"(12:18 , 20.05.18 )"
בן 57 טבע למוות ברמת הגולן,"אחיה ראב""ד","(18:55 , 18.05.18 )"
לצד השתלטות: מוקדים בוערים בשריפות ברחבי הארץ,כתבי ynet,"(15:09 , 18.05.18 )"
"פינוי תושבים בחבל מודיעין, אלפי דונמים עלו באש","איתי בלומנטל, רענן בן צור ואילנה קוריאל","(12:16 , 18.05.18 )"
"מאות בצעדת השרמוטות: ""הַפסיקו להפקיר נפגעות",אמיר אלון ,"(12:13 , 18.05.18 )"
הלילה: הרוג ופצוע קשה בשתי תאונות דרכים,ynet,"(07:29 , 18.05.18 )"
"""הגג הורוד"": ""הרבה מגיעים לפה אחרי שיצאו או",אמיר אלון,"(00:39 , 18.05.18 )"
זרי פרחים וחיבוקים: חגיגת שבועות משותפת לפעוטות,אריאלה שטרנבך ,"(22:28 , 17.05.18 )"
אזרחים חילצו אישה שנשכבה על הפסים בתחנת עכו,רועי רובינשטיין,"(21:20 , 17.05.18 )"
טנק ודרקונים: התמונות מפסטיבל המידברן בנגב,אילנה קוריאל,"(20:40 , 17.05.18 )"
בן 7 נהרג מפגיעת אוטובוס בביתר עילית,אלישע בן קימון,"(19:19 , 17.05.18 )"
"נתניהו על ""ארץ נהדרת"": ""יש דברים שלא עושים""",קובי נחשוני,"(17:10 , 17.05.18 )"
אסון במפעל בחולון: פועל נהרג במכונה לייצור בצק,איתי בלומנטל,"(16:03 , 17.05.18 )"
הנחתם את הסמארטפון על גלגל ההגה? תיקנסו ב-500,רענן בן צור,"(15:24 , 17.05.18 )"
תל אביב נערכת להצמיד את מצעד הגאווה לאירוויזיון,איתי בלומנטל,"(14:03 , 17.05.18 )"
"הישראלי שהורד מטיסה: ""לא ראו אותי כאדם""",איתי בלומנטל ,"(13:49 , 17.05.18 )"
משרד הבריאות מזהיר: שבועות בסימן גל חום קיצוני,כתבי ynet,"(13:14 , 17.05.18 )"
"המשוריין מ-1955 חזר לנסוע: ""מנגישים את ההיסטוריה",איתי בלומנטל ,"(11:30 , 17.05.18 )"
טרור חקלאי: 175 טונות חציר עלו באש,"אחיה ראב""ד","(09:13 , 17.05.18 )"
"הרמדאן מתחיל: ""לא חגיגי כמו בכל שנה""",ענבר טויזר וחסן שעלאן,"(20:43 , 16.05.18 )"
"עובדות אל על בחו""ל התלוננו על הטרדה, הקב""ט נשאר",איתי בלומנטל,"(18:38 , 16.05.18 )"
נחשפו צילומים נדירים של אסירי ציון במחנה עבודה,ענבר טויזר ,"(18:30 , 16.05.18 )"
"צה""ל תקף ברצועה, בתים בשדרות נפגעו מירי מקלעים",מתן צורי ויואב זיתון,"(16:50 , 16.05.18 )"
התחזית: בסוף השבוע - שרב כבד וגל חום קיצוני,ynet,"(15:37 , 16.05.18 )"
"אבל ב""מדינת אכזיב"": הנשיא אלי אביבי נפטר","אחיה ראב""ד","(11:53 , 16.05.18 )"
"עיריית ת""א פינתה מתחם בית קברות ביפו: ""פלישה""",איתי בלומנטל ,"(09:15 , 16.05.18 )"
"פועל נדרס למוות בת""א במהלך עבודות בכביש",אלישע בן קימון וחסן שעלאן,"(06:23 , 16.05.18 )"
"בעזה מתים, בת""א חוגגים - ובמגזר שותקים",אסף קמר ורועי רובינשטיין,"(00:37 , 16.05.18 )"
"קפה ועוגה, עם הבן העובד: הזוג נתניהו ב""דובשנית""",ישי פורת ויעל פרידסון,"(21:28 , 15.05.18 )"
"בין שמיים לארץ: פעוטה בגובה 10 מ', על אדן החלון",איתי בלומנטל ,"(21:12 , 15.05.18 )"
תיעוד: ישראלי בעל מוגבלות הורד מטיסה בשל התקף,איתי בלומנטל,"(19:06 , 15.05.18 )"
"""עזה לא תיכנע לטנקים"": חנין זועבי פרצה לכביש 65",חסן שעלאן ואדיר ינקו,"(18:56 , 15.05.18 )"
דקת דומייה לזכר ההרוגים בעזה: עימותים באקדמיה,"אחיה ראב""ד ואילנה קוריאל","(18:06 , 15.05.18 )"
בן 26 נהרג בתאונה בין משאיות באיילון,רענן בן צור,"(07:43 , 15.05.18 )"
"חגיגות הניצחון בכיכר: ""סוף סוף אפשר לשמוח""",אסף קמר,"(04:14 , 15.05.18 )"
הפגנות ושביתה כללית: ערביי ישראל מזדהים עם עזה,חסן שעלאן,"(00:33 , 15.05.18 )"
"הקינוח של שגב משה בגיליון החגיגי של ""ידיעות",איתמר אייכנר,"(07:45 , 14.05.18 )"
"נתניהו במרכז הרב: ""ירושלים המאוחדת - גאולה של",קובי נחשוני,"(02:31 , 14.05.18 )"
פעוט טבע למוות בגיגית במבשרת ציון,ישי פורת,"(22:00 , 13.05.18 )"
"ריבלין: ""נשבר המצור המדיני על ירושלים""",יעל פרידסון,"(20:34 , 13.05.18 )"
"יום ירושלים: אלפים ב""צעדת הדגלים"" ","אלישע בן קימון, ענבר טויזר ויעל פרידסון","(16:48 , 13.05.18 )"
"חיזוק ירושלים? רק על הנייר. דו""ח המבקר",ירון דרוקמן,"(16:00 , 13.05.18 )"
לקראת העברת השגרירות: איוונקה טראמפ נחתה בישראל,איתי בלומנטל,"(12:32 , 13.05.18 )"
מת תושב הצפון שהוכש על-ידי נחש צפע,חסן שעלאן,"(07:37 , 13.05.18 )"
דגלים וטקסים: אירועי יום ירושלים ה-51,יעל פרידסון,"(00:36 , 13.05.18 )"
"צה""ל תקף מנהרה, הוצת מעבר כרם שלום. סיכום הסופ""ש",ynet,"(20:06 , 12.05.18 )"
הרוג בהתרסקות מצנח רחיפה ממונע באשקלון,מתן צורי,"(19:00 , 12.05.18 )"
"טראומה ולחץ נפשי: ""בצפון יש עשרות אלפים לא",רועי רובינשטיין,"(11:15 , 11.05.18 )"
"גיורא איילנד בקרב חייו: ""הכאב מוציא אותי מדעתי""",אמירה לם,"(08:31 , 11.05.18 )"
"""הניצחון שלנו מול איראן"": בני זוג צרפתים התחתנו",רועי רובינשטיין,"(01:06 , 11.05.18 )"
דן תורג'מן הוא השחקן החשוד בעבירות מס,איתי בלומנטל,"(16:58 , 10.05.18 )"
פינוי תושבים במושב בנגב בשל שריפה,אילנה קוריאל,"(14:52 , 10.05.18 )"
"גל ביטולי חופשות בצפון: ""התפוסה ירדה לאפס""","אחיה ראב""ד ורועי רובינשטיין","(14:27 , 10.05.18 )"
"צינור השקיה התגלגל לכביש, גבר נהרג בתאונה בעמק","אחיה ראב""ד","(05:49 , 10.05.18 )"
פועל בן 60 נמחץ למוות במתקן לדחיסת אשפה ברחובות,רועי רובינשטיין,"(15:23 , 09.05.18 )"
"""מנסים להתיש אותנו כדי שנעזוב את ישראל""",אמיר אלון,"(01:07 , 09.05.18 )"
"האם כתבה לבת ערב לפני האסון: ""השיטפונות זאת",איתי בלומנטל ,"(18:39 , 08.05.18 )"
"""אם הדו""ח היה מתפרסם לפני שלוש שנים - הבן שלי",רועי רובינשטיין,"(18:35 , 08.05.18 )"
המבקר: משקיעים ביישובי הצפון אף שההתנחלויות בראש,ירון דרוקמן,"(15:58 , 08.05.18 )"
"שלא נדע: דו""ח המבקר על מה שמשרדי הממשלה מנסים",ירון דרוקמן,"(15:58 , 08.05.18 )"
טיפול לקוי במבקשי מקלט: כך פוגעת המדינה גם,ירון דרוקמן,"(15:58 , 08.05.18 )"
"הרב המעופף והחברה הסודית. עיקרי דו""ח המבקר",ירון דרוקמן,"(15:57 , 08.05.18 )"
מחדל האופניים החשמליים: נאסר להשתמש - והותר,ירון דרוקמן,"(15:57 , 08.05.18 )"
"תיעוד תרגיל חירום בנתב""ג: מטוס דרימליינר ""התרסק""",איתי בלומנטל,"(13:15 , 08.05.18 )"
"ארגוני נשים נגד המעקף לבג""ץ: ""החשש - מאבק של",אמיר אלון ,"(12:53 , 08.05.18 )"
"אלאור אזריה חוגג עם תומכיו. אביו: ""זה כמו אחרי",כתבי ynet,"(10:58 , 08.05.18 )"
"ברק בספרו: ""מנעתי מהרמטכ""ל לחקור אם דן שומרון","אמיר בוגן, ניו יורק","(10:37 , 08.05.18 )"
"סופו של מתחם הדולפינריום בת""א: בשבוע הבא תחל",איתי בלומנטל,"(00:33 , 08.05.18 )"
"הכנסת אישרה: המשטרה תיתן דו""חות גם בחניות פרטיות",שחר חי,"(21:11 , 07.05.18 )"
פועל נהרג בנפילה מגובה באתר בנייה בירושלים,ישי פורת,"(20:33 , 07.05.18 )"
"ראשי יש""ע מתריעים: משבר מים חמור צפוי בקיץ",אלישע בן קימון,"(17:10 , 07.05.18 )"
"בני 4 ברחו מהגן וטיפסו על מרפסת: ""היו בסכנת",רענן בן צור,"(16:38 , 07.05.18 )"
"רכבת בת""א התעכבה בגלל עגלת ארטיקים שנפלה למסילה",רועי רובינשטיין,"(16:03 , 07.05.18 )"
תיעוד: התנגש במהירות ברכב - ונפצע קל בלבד,רענן בן צור,"(11:15 , 07.05.18 )"
"נגד הבזבוז ביום העצמאות: ""זורקים את כל הכסף לפח",כתבי ynet,"(00:44 , 07.05.18 )"
"הורי הרוגה באסון הנחל נגד ראשי המכינה: ""לא העזו",אדיר ינקו,"(22:55 , 06.05.18 )"
"הסוף לחגיגת ה""בזבוזים"" ביום העצמאות? תוכנית משרד",אמיר אלון,"(18:42 , 06.05.18 )"
רוכב אופנוע נהרג מפגיעת משאית ליד רעננה ,רענן בן צור,"(09:05 , 06.05.18 )"
"אחרי ירושלים ות""א: הג'ירו מגיע לנגב",ynet,"(06:47 , 06.05.18 )"
"אילת: שריפה פרצה ב""עיר המלכים"", נעצר חשוד בהצתה",מאיר אוחיון ,"(01:12 , 06.05.18 )"
"אלפים בהפגנה נגד השחיתות: ""דמוקרטיה בסגנון",איתי בלומנטל ,"(22:17 , 05.05.18 )"
"הג'ירו הגיע לתל-אביב, עימותים בגבול הרצועה.",ynet,"(20:03 , 05.05.18 )"
רבבות עודדו את רוכבי הג'ירו בתל-אביב: כביש החוף,איתי בלומנטל ורענן בן-צור,"(18:01 , 05.05.18 )"
צעיר נהרג בהתהפכות רכב בגליל,חסן שעלאן,"(10:22 , 05.05.18 )"
"עיראקי, שיעי ופועל למען ישראל: ""ברכות לצלפי",אמיר בוגן,"(08:40 , 05.05.18 )"
כביש החוף ייסגר ל-5 שעות: מפת חסימות הג'ירו,"איתי בלומנטל ואחיה ראב""ד","(00:34 , 05.05.18 )"
טרור חקלאי בעמק הירדן: תיעוד הצתה ונזק כבד,"אחיה ראב""ד","(00:08 , 05.05.18 )"
אלפים בהלוויית נהג המשאית שנסחף בשיטפון,חסן שעלאן,"(16:39 , 04.05.18 )"
"צעדת השרמוטות בת""א: ""הרשויות נותנות פטור לאנסים""",איתי בלומנטל,"(10:45 , 04.05.18 )"
תוך דקות: רוכב אופניים נהרג ורוכב אופנוע נפצע,רועי רובינשטיין,"(07:16 , 04.05.18 )"
לקראת ג'ירו ד'איטליה: שרב ואזהרת התייבשות  ,כתבי ynet,"(00:29 , 04.05.18 )"
"תמונת מצב היערכות העורף: ""ישראל טומנת את ראשה",כתבי ynet,"(00:17 , 04.05.18 )"
יום ירושלים 2018: ההגירה השלילית מהבירה נמשכת,יעל פרידסון וישי פורת,"(23:57 , 03.05.18 )"
עשרות חשפניות הפגינו נגד החוק שמשווה את עבודתן,אמיר אלון ,"(21:28 , 03.05.18 )"
"מייסד ""עליבאבא"" לסטודנטים ישראלים: ""לא משנה היכן",רועי רובינשטיין,"(19:56 , 03.05.18 )"
אימת הטיגריס האסייתי: מכת יתושים ברחבי הארץ,אטילה שומפלבי ואלכסנדרה לוקש ,"(19:22 , 03.05.18 )"
"פוטר מרשת חנויות נעליים: ""הסמנכ""ל דרש שלא אדבר",חסן שעלאן,"(19:18 , 03.05.18 )"
"ירושלים: שני פצועים קל משריפה במתנ""ס בעיר ",ישי פורת,"(16:28 , 03.05.18 )"
"הם מדוושים, היכונו לפקקים: הג'ירו ד'איטליה מגיע","רועי רובינשטיין ואחיה ראב""ד","(14:10 , 03.05.18 )"
"מרכז החיזוי הזהיר את המכינה: ""לא יום לטיולים""",אילנה קוריאל ,"(12:51 , 03.05.18 )"
האזהרות השפיעו: ירידה בזיהום האוויר בגלל מיעוט,אילנה קוריאל,"(12:46 , 03.05.18 )"
שבוע להיעדרות נהג המשאית: אותרה גופה באזור הערבה,אילנה קוריאל,"(12:11 , 03.05.18 )"
מאות מתנדבים: ממשיכים בחיפוש אחר נהג המשאית,חסן שעלאן,"(10:40 , 03.05.18 )"
"ל""ג בעומר בצל האזהרות: ""הרבה פחות מדורות""",כתבי ynet,"(00:42 , 03.05.18 )"
"נתניהו בערב ל""ג בעומר: אל תדליקו מדורות",ynet,"(18:13 , 02.05.18 )"
"חשש כבד משריפות: גם באר שבע אוסרת הדלקת מדורות,",כתבי ynet,"(14:44 , 02.05.18 )"
"מחאת החשפניות: ""לא לסגירת המועדונים, זו הפרנסה",ניר (שוקו) כהן ואלכסנדרה לוקש ,"(14:13 , 02.05.18 )"
"סכנה בל""ג בעומר: הגבלות ואיסורים על הדלקת מדורות",כתבי ynet,"(10:12 , 02.05.18 )"
"עורבים תוקפים בבאר יעקב: ""קיבלתי מכה בראש, היד",איתמר אייכנר ,"(09:10 , 02.05.18 )"
"חשד לחיסול: שרד פיצוץ מטען בת""א - ונרצח בשרון",רענן בן צור וחסן שעלאן,"(18:31 , 01.05.18 )"
"""יש צדיקים"": החזיר 700 שקל שמצא בכספומט",אריאלה שטרנבך,"(17:27 , 01.05.18 )"
"מנכ""ל מועצת המכינות: ""המוות נובע מכשל מהותי",אדיר ינקו,"(15:50 , 01.05.18 )"
מי אחראי לטיולי המכינות? משרד הביטחון מפנה שוב,אדיר ינקו,"(15:31 , 01.05.18 )"
"רחפנים, דחפורים וסירות: נמשכים החיפושים אחר נהג",אילנה קוריאל וחסן שעלאן,"(12:48 , 01.05.18 )"
"משפחת הנהג הנעדר נגד המשטרה: ""כשמדובר בערבי זה",חסן שעלאן ואילנה קוריאל,"(21:52 , 30.04.18 )"
"אחת הניצולות משחזרת את האסון: ""התגלגלתי כמו כדור",אילנה קוריאל ,"(19:15 , 30.04.18 )"
"ערב קטלני בים: גבר טבע למוות, אישה במצב קשה",רועי רובינשטיין ,"(18:31 , 30.04.18 )"
בזמן שהאם ישנה: הפעוט יצא מהבית,רענן בן צור ,"(17:50 , 30.04.18 )"
"שוטרים, סיירות הורים ומצלמות: המאבק באלימות",אמיר אלון ,"(08:53 , 30.04.18 )"
"הורי הילד שנדרס למוות ע""י ניידת: לפתוח מחדש את",אלישע בן קימון,"(07:00 , 30.04.18 )"
"שבעה בבית הצעירה שנספתה: ""יאנוש קורצ'אק היה עם",אלישע בן קימון ,"(00:44 , 30.04.18 )"
"יצא ממכוניתו בכביש 6, נפגע ממשאית - ונהרג ",מתן צורי,"(22:48 , 29.04.18 )"
אוטובוס הותקף בבקבוקי בירה בתל אביב,איתי בלומנטל ,"(21:23 , 29.04.18 )"
נתלה על ענף ושרד: הפצוע מהשיטפון שוחרר מבית,אילנה קוריאל ויעל פרידסון,"(19:55 , 29.04.18 )"
"אביב משוגע: התחממות, ברד בצפון וחשש לשיטפונות",כתבי ynet,"(16:19 , 29.04.18 )"
"מתה נדיה אברהם, מהטרנסג'נדריות הראשונות בישראל",איתי בלומנטל,"(13:38 , 29.04.18 )"
"מורים הגיבו לאסון: ""מערכת החינוך מודיעה על מותה",אדיר ינקו ,"(13:06 , 29.04.18 )"
"שוטרים פשטו על המכינה, ארדן: ""המעצר - בגלל חשש",כתבי ynet,"(12:02 , 29.04.18 )"
"בעלה עדיין נעדר בערבה: ""לא יודעת מה להגיד",כתבי ynet,"(11:13 , 29.04.18 )"
"סיפורם של צוותי החילוץ: ""התקווה הייתה שאולי",אילנה קוריאל,"(10:41 , 29.04.18 )"
"ההודעה האחרונה של מעין: ""שינו את המסלולים כי יש",ישי פורת ואיתי בלומנטל,"(08:38 , 29.04.18 )"
"קרס בסערה: סופו של ""דקל שפל צמרת""","אחיה ראב""ד","(00:36 , 29.04.18 )"
החיפושים אחר נהג המשאית שנסחף: רחפן ישראלי פעל,חסן שעלאן ואילנה קוריאל,"(00:31 , 29.04.18 )"
"""נשארו רק נהרות של דמעות"": חברי ההרוגים בשיטפון",כתבי ynet,"(00:10 , 29.04.18 )"
"אלפים בעצרות זיכרון לקורבנות השיטפון, בהם תלמידי",כתבי ynet,"(21:00 , 28.04.18 )"
"חקירת אסון השיטפון, פסגה היסטורית בקוריאה. סיכום",ynet,"(19:25 , 28.04.18 )"
חקירת אסון השיטפון: המדריכה ששוחררה למעצר בית,אילנה קוריאל,"(18:58 , 28.04.18 )"
רשות המים: השיטפונות השבוע - הגדולים בשמונה,אילנה קוריאל,"(18:08 , 28.04.18 )"
"""תמיד תהיי אהבת נעוריי"". פרידה מהרוגות השיטפון",ynet,"(10:21 , 28.04.18 )"
היסטוריה של אסונות: הטרגדיות בטיולים השנתיים,"אחיה ראב""ד","(00:18 , 28.04.18 )"
אחרי שעות: אותר רוכב טרקטורון בערבה,אילנה קוריאל,"(23:50 , 27.04.18 )"
"העדות המצמררת של ניצול האסון: ""גל בגובה מטר וחצי",איתי בלומנטל ורועי רובינשטיין,"(18:00 , 27.04.18 )"
"נהג משאית נעדר בשיטפון: ""ממתינים לבשורה טובה""",כתבי ynet,"(16:34 , 27.04.18 )"
"""הבטיחו שיהיה בסדר ודבר לא בסדר. 10 ילדים הלכו"":",כתבי ynet,"(12:09 , 27.04.18 )"
"מעין תיעדה ""ים או שיטפונות"", שני שלחה: ""אני חיה""",ישי פורת ורועי רובינשטיין,"(11:56 , 27.04.18 )"
"במקום ביטול הטיול: במכינה דנו על ""התמודדות עם",אלי סניור,"(11:38 , 27.04.18 )"
"רומי נהרגה באסון: ""היה מחדל וכאוס, הכתובת הייתה",רענן בן צור ואיתי בלומנטל,"(11:24 , 27.04.18 )"
"תלמידי י""ב נסחפו בנחל ומתו: סיפורי 10 הרוגי",כתבי ynet,"(10:44 , 27.04.18 )"
לילה באזור האסון: הניצולים שבו למכינה בוכים,אילנה קוריאל ושחר חי,"(09:01 , 27.04.18 )"
השיטפונות בערבה: חיפושים אחר נהג שמשאיתו התהפכה,אילנה קוריאל ורועי רובינשטיין,"(06:58 , 27.04.18 )"
נרות זיכרון ודמעות: המכינה מתאבלת על מות הנערים,רועי רובינשטיין ואדיר ינקו,"(02:11 , 27.04.18 )"
"מהר, חזק, בשקט ובפתאומיות: כך נוצר שיטפון ",אמיר אלון וגלעד כרמלי,"(02:09 , 27.04.18 )"
"אחת ההרוגות כתבה: ""זה להתגרות בגורל. אנחנו נמות""",איתי בלומנטל,"(02:08 , 27.04.18 )"
"אביו של אחד הנפגעים באסון: ""נאחז בגזע עץ וניצל""",אילנה קוריאל ורועי רובינשטיין,"(02:02 , 27.04.18 )"
מי אישר את הטיול? משרד הביטחון נגד משרד החינוך,אדיר ינקו ויואב זיתון,"(19:15 , 26.04.18 )"
תיעוד לפני האסון: שיטפון אדיר בנחל צפית,ynet,"(19:10 , 26.04.18 )"
האסון בערבה: תשעה בני נוער נספו בנחל צפית,אילנה קוריאל ואדיר ינקו,"(19:01 , 26.04.18 )"
האסון בדרום: הורים ותלמידים מודאגים הגיעו למכינה,רועי רובינשטיין ואדיר ינקו,"(17:52 , 26.04.18 )"
"האסון בדרום: ""נכנסנו ממש לתוך הנחל לתפוס אנשים",אילנה קוריאל,"(17:39 , 26.04.18 )"
"שני נערים פונו לסורוקה: ""מדובר באירוע מורכב""",אביחי מרציאנו (רדיו דרום) ומתן צורי,"(16:41 , 26.04.18 )"
"8 נערות ונער נהרגו בשיטפון בדרום, חיפושים אחר","אילנה קוריאל, אדיר ינקו ומור לוי","(14:52 , 26.04.18 )"
תינוק בן 10 חודשים פונה במצב קשה בגלל הרעלת,"אחיה ראב""ד ","(13:49 , 26.04.18 )"
"דודו של ההרוג בשיטפונות: ""הוא התקרב כנראה יותר",כתבי ynet,"(10:13 , 26.04.18 )"
בלי 100 ימי חסד: הנשיאה חיות מנהלת את מאבק חייה,טובה צימוקי,"(09:10 , 26.04.18 )"
מאות טונות חציר וכותנה עלו באש בקיבוץ בצפון,"אחיה ראב""ד","(08:27 , 26.04.18 )"
"שיטפון בסופרמרקט ובתוך בי""ס: תיעוד מסערת אפריל",כתבי ynet,"(21:31 , 25.04.18 )"
"""מיליונים נלקחו לשווא"": יער עצר עבודות בכביש 531",רועי רובינשטיין ,"(20:14 , 25.04.18 )"
"נשארים בארץ: רק 603 ""עזבו מרצון"" ב-3 חודשים",אמיר אלון,"(19:53 , 25.04.18 )"
"תרמית הדו""חות הגדולה: כנופייה הונתה כ-180 איש",רענן בן צור,"(17:21 , 25.04.18 )"
הפך לבריכה: צפו בהצפה אדירה בקניון בראשון לציון,אלי סניור ורועי רובינשטיין,"(16:51 , 25.04.18 )"
"מחאה ביפו: קברים התגלו, פועלים אספו עצמות גופות",איתי בלומנטל ,"(16:29 , 25.04.18 )"
מהלילה ועד יום ראשון: אין רכבות ישירות בין תל,רועי רובינשטיין ,"(13:27 , 25.04.18 )"
"נתוני הלמ""ס על הדרוזים: פחות ילדים, יותר",ירון דרוקמן,"(13:00 , 25.04.18 )"
החורף חוזר לביקור: חשש להצפות ושיטפונות,אילנה קוריאל,"(00:08 , 25.04.18 )"
"מבקשי מקלט: ""החיים שלנו ניצלו"". תושבים בדרום",אמיר אלון,"(00:05 , 25.04.18 )"
בעקבות קריסת הסכם הגירוש: נתניהו ודרעי סיכמו,איתמר אייכנר ואמיר אלון,"(19:12 , 24.04.18 )"
"המדינה לבג""ץ: כל צווי הגירוש מבוטלים",אמיר אלון,"(17:38 , 24.04.18 )"
האב חיפש את נריה - ומצא אותו ברכב הלוהט,"אחיה ראב""ד","(16:18 , 24.04.18 )"
פעוט נשכח ברכב סמוך לקריות - ומת,"אחיה ראב""ד","(16:00 , 24.04.18 )"
שיבושים בתנועת הרכבות בעקבות דריסת אדם,רועי רובינשטיין,"(06:59 , 24.04.18 )"
16 פצועים ב-4 חודשים: הצומת המסוכן בטירה,חסן שעלאן,"(23:04 , 23.04.18 )"
פעוט בן שנתיים טבע למוות בבריכה פרטית,חסן שעלאן,"(19:52 , 23.04.18 )"
"תיעוד הירי מהרכב: ""הצעירים יצאו משליטה, לא",ניר שוקו כהן ואלכסנדרה לוקש ,"(10:56 , 23.04.18 )"
מדוושים לאסון: 6 רוכבי אופניים חשמליים נהרגו,אודי עציון,"(07:14 , 23.04.18 )"
"רוצח נמלט מבי""ח פסיכיאטרי ונתפס לאחר שעות","אחיה ראב""ד","(01:03 , 23.04.18 )"
הירי בנגב: טרם בוצעו מעצרים בתופעה שהפכה לרווחת,אילנה קוריאל,"(20:45 , 22.04.18 )"
"חברת הוועדה: ""מאוכזבת מפורטמן, צריך לכבד את",אטילה שומפלבי ואלכסנדרה לוקש,"(20:16 , 22.04.18 )"
"מרים פרץ: ""לא חושבת להצטרף לזירה הציבורית""",אטילה שומפלבי ,"(16:35 , 22.04.18 )"
"אלפים הפגינו נגד נתניהו: ""צא לנו מבג""ץ""",רועי רובינשטיין ואמיר אלון ,"(00:29 , 22.04.18 )"
"מהנדס חמאס חוסל במלזיה, נטלי פורטמן מסבירה את",ynet,"(19:36 , 21.04.18 )"
אחרי הסערה: המיליארדר היהודי ביטל את הפרס לנטלי,יעל ולצר,"(00:25 , 21.04.18 )"
פעוט בן שנתיים טבע למוות בבריכה בצימר,מתן צורי ואילנה קוריאל,"(00:21 , 21.04.18 )"
"מוטי מורל הובא למנוחות: ""למדנו ממך לדבר מהלב""",רועי רובינשטיין,"(15:03 , 20.04.18 )"
"במאי טקס המשואות: ""אומרים שהדבר הבא זה",איתמר אייכנר,"(09:49 , 20.04.18 )"
"התחזית: עוד ירידה במידות החום, 22 מעלות בחיפה",ynet,"(06:39 , 20.04.18 )"
"רון בן ישי קיבל את פרס ישראל: ""גאה במדינת ישראל""",אלישע בן קימון,"(00:23 , 20.04.18 )"
"""בפאזל הזה שנוצר במדינת ישראל יש מקום לכולנו"".",אלישע בן קימון,"(00:19 , 20.04.18 )"
"כלת פרס ישראל מרים פרץ: ""מולדת לא בונים רק בכאב",אלישע בן קימון,"(19:21 , 19.04.18 )"
מצעד האור צעד ברחובות בתל אביב,איתי בלומנטל,"(19:18 , 19.04.18 )"
"ההכרה של ארה""ב בישראל ומינוי ויצמן: נחשפו מסמכים",רועי רובינשטיין,"(18:26 , 19.04.18 )"
לנפנף רחוק מהבית: הישראלים חגגו בטבע,כתבי ynet,"(17:31 , 19.04.18 )"
חוגגים עצמאות בתל-אביב? רחובות רבים נחסמו,איתי בלומנטל,"(16:25 , 19.04.18 )"
"אלפים בצעדת הנכבה בעתלית: ""הסבל נמשך מ-48'""",חסן שעלאן ,"(15:17 , 19.04.18 )"
"עץ קרס בפארק הירקון, אישה נפגעה",אלי סניור ואיתי בלומנטל,"(14:34 , 19.04.18 )"
"חתן התנ""ך העולמי לנוער: תלמיד ישיבה מחצור",אדיר ינקו,"(13:10 , 19.04.18 )"
"""לכבוד עולם יפה ופחות עצוב"": שלמה ארצי השיא",ynet,"(12:52 , 19.04.18 )"
צופן דה כהן: חידת העצמאות של המוסד,איתמר אייכנר,"(12:04 , 19.04.18 )"
שתי נערות במצב קשה ובינוני מהרעלת אלכוהול,"אחיה ראב""ד","(10:43 , 19.04.18 )"
עקב תקלה: מילואימינקים הוקפצו בטעות,יואב זיתון,"(08:20 , 19.04.18 )"
שלום ב-70 שפות: חיילים עולים מברכים את ישראל,ynet,"(07:48 , 19.04.18 )"
שרוליק ומגן דוד: מופע הרחפנים בטקס המשואות,ynet,"(00:37 , 19.04.18 )"
יופי ישראלי: בחרו את צילום האוויר הכי מרהיב,ynet,"(00:33 , 19.04.18 )"
ישראל חוגגת 70: מתי יעבור המטס מעליכם?,כתבי ynet,"(00:25 , 19.04.18 )"
"""הללויה"", רחפנים ודגלנים: הרגעים הגדולים של טקס",ynet,"(00:14 , 19.04.18 )"
ישראל חגגה 70 בטקס מרהיב: המשואות הודלקו לתפארת,ישי פורת ורועי רובינשטיין,"(22:33 , 18.04.18 )"
"פנייה לארדן ואלשיך: ""חשש להתלקחות בין יהודים","אחיה ראב""ד","(17:42 , 18.04.18 )"
זהבה שאול: לא אשתתף בטקסים עד שאורון יוחזר,"אחיה ראב""ד","(17:00 , 18.04.18 )"
המשטרה בודקת: זיקוקים נורו בשעת הצפירה בלוד,אלי סניור,"(22:16 , 17.04.18 )"
"אירועי יום הזיכרון נפתחו בטקס בירושלים: ""מרכינים",רועי רובינשטיין,"(18:56 , 17.04.18 )"
הפרסומאי ואיש יחסי הציבור מוטי מורל נהרג בתאונת,איתי בלומנטל,"(17:20 , 17.04.18 )"
רוכב אופניים חשמליים בן 66 נהרג בתאונה בתל אביב,איתי בלומנטל,"(15:51 , 17.04.18 )"
"בבתי הספר במגזר לא חוגגים: ""יום העצמאות? זה יום",אדיר ינקו,"(13:00 , 17.04.18 )"
"אחרי שהודו בטעות: עיריית ת""א הסירה את ציור ""רצח",איתי בלומנטל,"(09:33 , 17.04.18 )"
70 לישראל: עשרה סיפורים שלא הכרתם על מנהיגי,אטילה שומפלבי ואלכסנדרה לוקש ,"(08:43 , 17.04.18 )"
"צוללים לזכר נופלי אסון השייטת: ""רוצים להצדיע""","אחיה ארב""ד","(22:05 , 16.04.18 )"
"""הצליח בכל מה שנגע"". עתודאי מצטיין נהרג בתאונת",איתי בלומנטל,"(20:50 , 16.04.18 )"
"יקב החלומות של אהוד שנפל בעזה: ""הגשים כל מה",קורין אלבז-אלוש,"(19:09 , 16.04.18 )"
"לא רק משֹוּאת נתניהו: ""יהיה טקס לתפארת המדינה""",אלכסנדרה לוקש וניר (שוקו) כהן ,"(15:32 , 16.04.18 )"
"תושבים מחו ומנעו כיסוי של ציור ""רצח רבין"" בתל",איתי בלומנטל ,"(14:48 , 16.04.18 )"
יום העצמאות 2018: פי 11 תושבים לעומת 1948,ירון דרוקמן,"(13:00 , 16.04.18 )"
שתי נשים נפגעו קשה בשריפה בכפר יאסיף,חסן שעלאן ,"(12:34 , 16.04.18 )"
הרימו ראש: השעות שבהן יעבור המטס מעל עירכם,איתי בלומנטל,"(11:47 , 16.04.18 )"
הממשלה בישלה דייסה: גירוש מבקשי המקלט נקלע למבוי,אמיר אלון ,"(11:26 , 16.04.18 )"
"ירושלים: רימוני הלם נגד מפגינים חרדים, 4 שוטרים",ישי פורת,"(00:11 , 16.04.18 )"
לתפארת מדינת ישראל: אלו 16 החתנים והכלות,ynet,"(20:34 , 15.04.18 )"
"דרישות תומכי הגירוש: פתיחת ""חולות"" והגדלת המענק",אמיר אלון,"(19:30 , 15.04.18 )"
בן 11 נפגע בראש מנדנדה - מצבו קשה,אלישע בן קימון,"(16:14 , 15.04.18 )"
אישה טבעה בתל אביב - יום לפני פתיחת עונת הרחצה,איתי בלומנטל ,"(14:26 , 15.04.18 )"
רוכב אופנוע בן 20 נהרג מפגיעת אוטובוס בתל אביב,איתי בלומנטל,"(13:06 , 15.04.18 )"
"אחרי המתקפה בסוריה: ""ייתכן שאסד ישתמש שוב בנשק",אטילה שומפלבי ואלכסנדרה לוקש ,"(12:51 , 15.04.18 )"
אין הסכם עם אוגנדה: 207 מבקשי מקלט משתחררים,אמיר אלון ,"(12:40 , 15.04.18 )"
השופטת הדסה בן עתו נפטרה בגיל 91,גלעד מורג ,"(23:22 , 14.04.18 )"
הוכר כקורבן פעולות איבה - תשע שנים אחרי שנמצאה,אלישע בן קימון,"(20:45 , 14.04.18 )"
"תקיפה משולבת בסוריה, חייל נהרג בתאונת טנק. סיכום",ynet,"(19:44 , 14.04.18 )"
למרות המתיחות: מטיילים בצפון לצד כיפת ברזל,"אחיה ראב""ד","(16:14 , 14.04.18 )"
קוד ושעון עצר: היכונו לחידת ה-70 של המוסד,איתמר אייכנר,"(12:44 , 13.04.18 )"
"בחזרה ממירון: נין לאדמו""ר נהרג במחלף מורשה, 6",כתבי ynet,"(07:15 , 13.04.18 )"
כשברקע תוכנית הגירוש: התפרצות אנתרקס במחנה,אמיר אלון,"(00:58 , 13.04.18 )"
"ליברמן לחמאס: ""לעולם לא תשברו אותנו, אין סיכוי""",מתן צורי,"(19:32 , 12.04.18 )"
"שלמה ארצי שר בפולין: ""לזכר כל היהודים שנספו""","רון נוטקין, פולין","(19:15 , 12.04.18 )"
אצבעתיו של בן שנתיים נלכדו במעלית; מצבו קל,רועי רובינשטיין,"(17:20 , 12.04.18 )"
"ריבלין במצעד החיים: ""אי אפשר להתכחש לאמת, גם","רון נוטקין, פולין","(16:48 , 12.04.18 )"
גבר נפל מגובה בשמורת עין גדי - ונהרג,אילנה קוריאל,"(15:14 , 12.04.18 )"
מפעילי הצפירה: ניצול שואת יהודי רומניה ונכדתו,יואב זיתון,"(13:45 , 12.04.18 )"
"אהבה בצל השואה: ""הייתי קירחת, חשבתי - איך הוא",הדר גיל-עד,"(12:29 , 12.04.18 )"
"רובי סיים משמרת במשטרה ונהרג בדרך הביתה: ""ילד",איתי בלומנטל,"(12:15 , 12.04.18 )"
מה שלמדתי בשואה: ניצול מסייע לילד מרפיח,"אחיה ראב""ד","(11:40 , 12.04.18 )"
צפירה וטקסים: ישראל מתייחדת עם זכר ששת המיליונים,כתבי ynet,"(11:02 , 12.04.18 )"
סקר: 22% מהצעירים האמריקנים לא שמעו על השואה,אדיר ינקו,"(10:29 , 12.04.18 )"
הרשע עדיין כאן: הסמלים האנטישמיים של 2018,איתמר אייכנר,"(10:08 , 12.04.18 )"
"המכתבים והתמונות של הרופאים ששחררו את דכאו: ""הם",אמיר אלון ,"(08:22 , 12.04.18 )"
מחשש למתקפת טילים: אל על שינתה את נתיב הטיסה,איתי בלומנטל,"(00:48 , 12.04.18 )"
איטליה האחרת: הכפר שהציל את משפחת ונטורה,נעה חסלוביצר,"(00:44 , 12.04.18 )"
"לעולם לא עוד: ""צועדים בפולין כדי להעביר את המסר""","רון נוטקין, פולין","(00:31 , 12.04.18 )"
"נתניהו ב""יד ושם"": ""יש לי מסר לאיראן - אל תעמידו","ישי פורת, אמיר אלון ורועי רובינשטיין ","(21:29 , 11.04.18 )"
זיכרון בסלון: הדרך מהמוסד לחירשים בהונגריה עד,אדיר ינקו,"(19:13 , 11.04.18 )"
"הפולני הטוב: ""הם עזרו לנו, האכילו אותנו, דאגו",אטילה שומפלבי ואלכסנדרה לוקש ,"(19:09 , 11.04.18 )"
"בנו נשכח במכונית ומת: ""הורים, בדקו תמיד את הרכב""",חסן שעלאן,"(18:22 , 11.04.18 )"
"תיעוד: אגרופים וקללות בטיסה מאומן לנתב""ג",איתי בלומנטל,"(17:55 , 11.04.18 )"
"דו""ח האנטישמיות: פחות אירועים אלימים, עלייה",אדיר ינקו,"(11:19 , 11.04.18 )"
"הניצולה שנאמה באו""ם: ""הגרמנים צחקו. שינדלר לא",גלעד כרמלי,"(10:17 , 11.04.18 )"
בשורה לנכים: לא יצטרכו להמתין לתג חניה בעת החלפת,אמיר אלון ,"(09:51 , 11.04.18 )"
יש הסכם: הכפר מתקרית הדמים בנגב יפונה,אילנה קוריאל,"(09:39 , 11.04.18 )"
"עדות ניצול שואה בזיכרון בסלון: ""אתם רואים את",רועי רובינשטיין,"(00:42 , 11.04.18 )"
"בג""ץ: מבקשי המקלט ישוחררו תוך 5 ימים בהיעדר",תלם יהב ומורן אזולאי,"(20:25 , 10.04.18 )"
"""זיכרון בסלון"" בבית הנשיא: ""אחי לא שרד את",איתמר אייכנר,"(17:29 , 10.04.18 )"
"מטוס אל על חזר לנתב""ג בגלל עשן בתא הנוסעים ונחת",איתי בלומנטל,"(17:10 , 10.04.18 )"
"סייען פלסטיני שגר בישראל: ""אוהב את ישראל, אבל",איתי בלומנטל,"(14:21 , 10.04.18 )"
"העדות של נח: ""זיכרון בסלון"" בבית הנשיא",איתמר אייכנר,"(12:51 , 10.04.18 )"
"""מתבייש להיות ישראלי"": קובי מידן הודח מטקס יום",רן בוקר ורועי רובינשטיין,"(12:33 , 10.04.18 )"
המכתב מימי השואה שהגיע ליעדו ב-2018,אלכסנדרה לוקש וניר (שוקו) כהן,"(11:32 , 10.04.18 )"
"43 רחובות על שם חנה סנש, אחד ללנה קיכלר ",גלעד כרמלי,"(09:50 , 10.04.18 )"
"בג""ץ גירוש מבקשי המקלט: המדינה תציג את מצב",אמיר אלון,"(00:28 , 10.04.18 )"
"הפגנות בכמה מוקדים בעולם: ""אוגנדה - אמרי לא",אמיר אלון,"(21:32 , 09.04.18 )"
חשיפה: ישראל תגמלה מדינה באפריקה כדי שתקלוט אלפי,איתי בלומנטל,"(14:03 , 09.04.18 )"
"לאחר חודש של חיפושים: כלב אותר בזכות שיר מ""שמש""",אילנה קוריאל,"(12:41 , 09.04.18 )"
ההפסד הכפול של עומרי כספי: לא ידליק משואה,איתמר אייכנר,"(06:17 , 09.04.18 )"
הסיפור שלהם: אלה מדליקי המשואות ביום השואה,שחר חי ,"(06:02 , 09.04.18 )"
"11 ק""מ ב-26 דקות: פקקים באיילון - והנת""צ שומם",רועי רובינשטיין ,"(00:42 , 09.04.18 )"
"תדליק משואה בגיל 86: ""לפני חודש לא חשבתי שאחיה -",כתבי ynet,"(00:35 , 09.04.18 )"
בחזרה מבילוי: מאג'ד וסמיר נהרגו בתאונת הרכבת,חסן שעלאן ,"(21:20 , 08.04.18 )"
"טל נהרג בבוליביה: ""נסענו בטור ופתאום הוא נפל""",ליאור אל-חי ,"(19:15 , 08.04.18 )"
"זוגתו של יוני נתניהו נגד ברק: ""שימוש ציני",רועי רובינשטיין ,"(19:02 , 08.04.18 )"
מוקד חדש למשטרה: יפחית את העומס על מוקד 100 ,אלי סניור ,"(14:38 , 08.04.18 )"
טרגדיה בבוליביה: צעיר ישראלי נהרג בתאונת,איתמר אייכנר,"(14:20 , 08.04.18 )"
"תינוק מת בדרום, חשש שנעקץ בידי עקרב",אילנה קוריאל,"(11:18 , 08.04.18 )"
שני הרוגים מפגיעת רכבת ברמלה,רועי רובינשטיין ואלי סניור,"(00:28 , 08.04.18 )"
"סיכום חדשות החג והשבת: 9 הרוגים בעזה, בן 4 נמצא",כתבי ynet,"(19:39 , 07.04.18 )"
באר-שבע: שיכור דרס נערה ושתי ילדות בגן משחקים,אילנה קוריאל,"(19:19 , 07.04.18 )"
ואדי ערה: בן 4 נמצא ללא רוח חיים ברכבו של אביו,חסן שעלאן,"(18:18 , 07.04.18 )"
"1,500 הפגינו בסכנין: ""תושבי עזה גיבורים""",חסן שעלאן,"(16:48 , 07.04.18 )"
חשד: דקר למוות את אשתו וניסה להתאבד,"אחיה ראב""ד","(10:34 , 07.04.18 )"
"בן 18 טבע בחוף הסלע בבת ים, מצבו אנוש",איתי בלומנטל,"(09:44 , 07.04.18 )"
תוקעים חול בכיסא הגלגלים: מצוקת הנגישות בחופי,כתבי ynet,"(08:32 , 05.04.18 )"
"שוחררו מ""סהרונים"": ""חוזרים לעבוד בדרום תל אביב""",אמיר אלון,"(00:20 , 05.04.18 )"
משפחתו של החשוד בגניבת רכב שנורה בידי חיילים:,חסן שעלאן,"(20:59 , 04.04.18 )"
קיצור דרך לתרמילאים: בקרוב קו תעופה ישיר לברזיל,איתי בלומנטל,"(20:53 , 04.04.18 )"
"דקלה, שנפלה ממטוס בבודפשט ונפצעה קשה - הוטסה",איתי בלומנטל,"(19:49 , 04.04.18 )"
"58 מבקשי מקלט שוחררו הערב מ""סהרונים""",אמיר אלון ,"(17:42 , 04.04.18 )"
"עלייה במספר המטיילים בחופי הכינרת: ""בגלל החופים","אחיה ראב""ד וגלעד כרמלי","(13:39 , 04.04.18 )"
"מתקפת סייבר נגד אתרים ישראלים: ""י-ם בירת פלסטין""",אדיר ינקו,"(00:58 , 04.04.18 )"
"מבקשי מקלט לנתניהו: ""תן לנו לחיות כמו בני אדם""",אמיר אלון,"(00:54 , 04.04.18 )"
לימוזינות ותרועות: הפלג הירושלמי עושה כבוד,ישי פורת,"(21:32 , 03.04.18 )"
"אחרי ביטול ההסכם - קושי בבג""ץ: ""אין פתרונות",טובה צימוקי ומורן אזולאי,"(19:56 , 03.04.18 )"
"מבקשי המקלט ותומכיהם: ""אל תשתמשו בנו ככדור""",אמיר אלון ,"(18:04 , 03.04.18 )"
תיעוד סמוי: נהגי אוטובוס מתעסקים בנייד וחוצים,רענן בן צור,"(17:10 , 03.04.18 )"
תיעוד מאילת: מכות וקללות בתקיפת מציל במלון,מאיר אוחיון,"(15:57 , 03.04.18 )"
"מבלים באתרי המים, בשמורות ובפקקים: רבבות ישראלים",כתבי ynet,"(14:47 , 03.04.18 )"
הפתעה בסימן 70: דמותו של בן גוריון על מגדל,איתי בלומנטל,"(12:31 , 03.04.18 )"
"הח""כ לשעבר האשם מחאמיד הלך לעולמו בגיל 73",חסן שעלאן,"(09:54 , 03.04.18 )"
מבקשי המקלט נשארים לעת עתה בישראל. הקפאת התוכנית,אמיר אלון ,"(09:00 , 03.04.18 )"
"כחלון נגד מתווה מבקשי המקלט: ""לחשב מסלול מחדש""",מורן אזולאי,"(22:29 , 02.04.18 )"
"התלוננה נגד הרב ברלנד: ""את יכולה לדבר, אבל לא על",נינה פוקס,"(18:06 , 02.04.18 )"
"""הלוחם בשחיתות"" מראשל""צ הצביע בענייני שותף של",רועי רובינשטיין,"(16:21 , 02.04.18 )"
הרוג בתאונה בין רכב פרטי לאוטובוס ליד צומת צאלים,מתן צורי,"(15:38 , 02.04.18 )"
יצאו לטבע: 230 אלף ישראלים בשמורות ובחופים,"גלעד כרמלי ואחיה ראב""ד","(15:00 , 02.04.18 )"
אשדוד: תינוק טבע למוות בג'קוזי בחדר מלון,כתבי ynet,"(13:50 , 02.04.18 )"
"המצבה של קאיה: ""נזכור אותך תמיד""",ynet,"(13:09 , 02.04.18 )"
"בן 14 נתפס נוהג: ""נסעתי לקנות חלב""",אילנה קוריאל,"(12:48 , 02.04.18 )"
"השתזפה בבריכה והתבקשה להתכסות: ""לא התפשטתי""",נדב פאפו,"(11:49 , 02.04.18 )"
רבעון קטלני: 84 הרוגים בכבישים מתחילת השנה,ynet,"(10:18 , 02.04.18 )"
"תחקיר: כך פועלת החצר של עבריין המין, הרב ברלנד",אריאלה שטרנבך ונינה פוקס,"(07:23 , 02.04.18 )"
רוכב אופנוע נהרג; בן 16 ללא רישיון נפצע קשה,"אחיה ראב""ד","(20:20 , 01.04.18 )"
"מאות הפגינו נגד ההסלמה בעזה: ""העזתים יצאו לחפש",איתי בלומנטל,"(19:28 , 01.04.18 )"
"הרב רונצקי הובא למנוחות: ""לב רחום לחלשים ואב",אלישע בן קימון,"(18:06 , 01.04.18 )"
